5,12.132505,11.892656,12.03884,11.511564,11.922808,11.995625,12.753289,13.487258,13.4787,13.678833,13.69405,14.570831,14.077765,13.900131,13.741047,13.784152,13.620666,13.550092,13.710953,13.912691,12.034239,12.091954,11.959245,11.651312,11.900769,12.046576,12.90891,13.563035,13.360002,13.453945,13.940042,14.206543,13.348196,13.384736,13.387174,13.334345,13.420159,13.398684,13.395726,13.359738,11.977292,11.97527,11.760318,11.90197,11.721001,11.950803,13.365805,13.490769,13.95221,13.37849,14.280454,14.118713,14.369177,13.948404,13.894554,13.83239,13.446,13.396841,13.354508,13.352054,11.962839,11.879143,11.838488,11.750245,11.995387,12.302359,13.393234,14.21565,14.26811,14.876862,14.563518,14.119511,14.055497,14.329628,14.447423,14.251677,14.414742,14.583331,14.023615,13.835267,12.086831,11.994945,11.812091,11.735459,11.806919,11.99278,12.872328,14.147038,13.27505,13.723747,13.431863,13.656203,13.94406,13.399857,13.383369,13.342505,13.420645,13.536096,13.935084,13.958102,11.963455,11.827123,11.736598,11.730552,12.079029,12.355573,13.453642,14.399639,14.720571,14.660501,14.492364,14.236608,14.153613,14.147732,14.1562,14.352386,14.168649,14.451853,14.835763,14.273973,11.964414,11.987042,11.793014,12.165264,11.744358,11.92526,12.898974,13.25337,13.896669,13.698974,13.410493,13.520138,13.426644,13.519101,13.464211,13.71163,13.649482,13.880978,13.393259,13.392752,14.132293,13.437944,13.447429,13.489875,13.427462,13.378442,13.450243,13.391432,13.714212,13.80326,13.954414,13.845646,13.517289,13.492855,13.454149,13.411256,13.458227,13.349377,13.520425,13.451566,14.051296,13.473582,13.543622,13.463499,13.504194,13.611334,13.504476,13.381989,13.543241,13.855139,13.673894,13.737149,13.525657,13.434885,13.432542,13.383386,13.440155,13.405828,13.439905,13.4391,13.895832,13.447578,13.538281,13.403182,13.389058,13.511709,13.410104,13.462672,13.604064,13.836833,13.746185,13.696778,13.454757,13.372539,13.497193,13.424182,13.378598,13.464006,13.428999,13.493578
5,12.294783,13.425608,14.279463,13.798885,13.953254,14.218425,14.425618,14.170562,14.152541,14.212424,14.132558,14.186817,14.050821,13.97081,13.927415,14.072616,13.638993,13.563636,13.463188,14.662582,12.265872,14.660978,13.366763,13.862671,13.90109,14.165142,14.190007,13.536975,13.826709,13.464563,14.300228,14.926821,14.361892,14.56836,14.561068,14.3058,14.489173,14.704024,14.288556,14.38979,11.99595,13.885929,13.558259,13.474744,13.686987,13.675518,14.687713,14.235611,14.04644,13.376442,14.251484,14.837832,14.415163,14.380247,14.421756,14.703401,14.311203,14.292446,14.761041,14.760894,12.242433,13.624325,13.713912,13.559056,13.863964,13.822509,13.78595,14.361262,13.307045,14.332797,13.381041,13.681658,13.560351,13.568669,13.318413,13.589713,13.409644,13.415308,13.514611,13.369254,12.245696,14.816458,13.887947,13.880536,13.877012,14.14111,14.195261,14.263488,14.121792,14.295982,14.201119,14.142032,14.354224,14.167494,14.220803,14.079736,13.624919,13.770116,13.520415,13.479053,12.241892,13.628802,13.560717,13.695075,13.894859,13.802386,13.785633,13.665155,13.810573,13.776966,13.726594,13.620462,14.286336,13.853195,13.927113,13.871399,13.455966,13.786504,13.40901,14.355227,12.114552,13.086057,13.798793,14.5235,13.614127,13.323876,13.321765,13.760499,13.856661,13.787548,14.134162,13.435477,13.391813,13.67492,13.407899,13.657303,13.913452,13.371131,13.413333,13.30443,14.090486,13.528314,13.545757,13.502738,13.510655,13.536095,13.602302,13.66641,13.582337,13.761519,13.872469,14.051201,13.68987,13.673749,13.964889,13.928693,13.741812,14.033888,13.631316,13.509047,14.513511,13.532118,13.575926,13.461966,13.556257,13.483798,13.419462,13.427242,14.060873,13.52456,13.519784,14.037313,13.695014,14.29469,13.539856,14.442584,13.480036,13.694826,14.116988,13.517986,14.101206,13.527244,13.510888,13.580307,13.506071,13.675176,13.500603,13.524525,13.642566,13.888889,14.048876,13.747598,13.539437,13.867185,14.061366,13.622675,13.956011,13.925294,13.668555,13.573203
5,12.014596,13.132504,13.587592,13.563158,14.151526,14.047676,14.342491,14.727796,14.289366,14.384042,14.895119,14.117238,14.147622,14.230262,14.259694,14.249279,14.454744,14.144769,13.415664,13.376404,11.939997,13.038892,13.546279,13.9554,14.214343,14.109715,14.357064,14.157186,14.025422,13.899882,14.537262,14.596742,14.302337,14.234223,14.060926,14.492941,14.453363,14.670433,14.29235,14.211223,12.137046,13.813225,14.53555,15.0041,14.134471,14.062358,14.072562,14.018706,14.23505,14.1226,14.180634,14.144536,14.051049,14.653699,14.454488,14.647286,14.63302,14.169649,14.249219,14.702063,12.011906,13.934669,14.535567,14.198292,14.136071,14.025007,13.989762,14.165082,14.129525,14.451175,14.140719,14.176939,14.553312,14.653799,14.454501,14.647709,14.711986,15.291455,13.919227,14.406639,11.920519,12.736711,14.170497,14.115759,14.06346,14.145732,14.276633,14.159463,14.457124,13.93303,14.154601,14.196176,14.222552,15.035046,14.194961,14.245121,14.354266,14.211788,14.488041,14.313579,11.918895,13.048133,13.567075,13.997002,13.354201,13.411573,13.426645,13.558207,13.366271,13.446182,13.398375,13.341029,13.348509,13.483461,13.386041,13.51064,13.690068,13.671083,13.527045,13.376568,11.833883,12.888941,14.182551,14.336268,13.967044,13.931317,14.174426,14.189624,14.193449,14.231879,14.047018,14.089714,14.231931,14.681047,14.345678,14.317814,14.586642,14.365304,13.749804,13.851265,13.983453,13.518178,14.102132,13.685502,13.890642,14.18032,14.368389,13.921627,13.830171,13.817549,14.099281,13.824204,14.208953,14.118136,14.045224,14.158682,14.081318,14.132238,14.268882,14.376833,14.50292,13.96138,13.682155,13.886761,14.177244,14.366467,14.676304,13.724058,13.726534,13.651291,13.695884,14.207643,14.114918,14.040876,14.141268,14.085237,14.131217,14.266184,14.371041,14.037981,14.350355,14.47993,13.489325,13.644922,14.106413,14.373593,13.928294,13.800258,13.843922,14.101283,13.828197,14.209506,14.119692,14.029573,14.143437,14.093465,14.148767,14.254828,14.374653,14.049073
5,14.275585,13.513618,15.46764,13.480669,14.039519,13.338769,13.554845,13.460652,13.535841,13.39898,13.624089,13.407843,13.452206,13.459527,13.462554,13.45914,13.605287,13.527838,13.585861,13.750692,15.105561,14.263341,14.237426,15.046269,13.58578,13.680275,13.590167,13.579074,13.4799,13.445761,13.510341,13.369275,13.703836,13.674992,13.826947,13.550942,13.492683,13.582591,13.550903,13.738566,14.351896,14.277057,14.722887,14.716792,14.286197,14.182281,13.979221,14.096088,13.5674,13.544044,13.835305,13.735309,13.436016,13.511304,13.528829,13.480907,13.535162,13.446297,13.668103,13.908064,13.886135,13.959529,14.472891,13.440703,13.588534,13.533854,13.46371,13.690046,13.525295,13.510723,14.043523,13.64077,13.491764,13.372819,13.532929,13.665893,14.367831,13.506249,13.529546,13.514435,13.751174,13.94124,13.895631,13.854026,14.624221,13.572275,13.992021,13.854054,13.493249,13.412694,13.356452,13.529683,13.402612,13.399472,13.456244,13.377899,13.480832,13.631926,13.588478,13.488079,13.91679,13.648757,13.92194,13.852057,13.838525,13.766658,13.439064,13.540459,13.46188,13.491102,13.421724,13.496434,13.441197,13.398495,13.465006,13.4698,13.490976,13.548572,13.472817,13.44637,14.700552,13.559381,13.802191,13.443351,13.942927,13.457925,13.413218,13.559721,13.563817,14.409886,14.28953,13.428212,13.470187,13.469655,13.461383,13.505812,13.53395,13.478978,13.506805,14.222527,14.64089,13.876284,13.762157,14.403105,13.802381,13.740539,14.122788,14.721151,13.881,14.456787,13.806953,13.806136,14.43166,13.789379,14.675007,13.950421,13.715245,14.161995,14.181015,14.061671,14.224587,14.387185,13.497669,13.622499,14.008163,13.994976,14.173824,14.161895,14.10063,14.198198,13.851635,13.99429,14.293316,14.156276,14.277759,14.199706,14.018611,14.175393,14.143306,14.095749,14.086628,13.714369,13.76024,13.841115,14.009081,14.000749,14.186279,14.128843,14.098728,14.208622,13.896895,13.945937,14.291592,14.153851,14.275657,14.1803,14.032099,14.166406,14.749484,13.825085
5,14.36922,13.986034,14.077812,14.050541,14.013312,13.907185,14.004494,14.097243,14.122293,14.229469,14.21139,14.504402,14.143809,14.228735,15.221595,13.647475,14.014549,13.823232,13.649826,13.90655,14.37703,14.274797,13.63659,14.040052,13.840848,13.650405,13.747193,13.679361,13.511727,14.023411,13.561562,13.531842,13.632293,13.73036,13.636783,13.766661,13.482264,13.672881,13.493259,14.1098,14.340235,13.710983,14.473885,13.597064,14.117474,13.505319,13.575417,13.472995,13.630578,13.5063,13.608333,13.631757,13.562819,13.539866,13.463315,13.453081,13.643179,13.58519,13.563212,13.570027,14.436049,13.599548,13.57422,13.460566,13.457433,13.528385,13.48654,13.415519,13.579642,13.554059,13.624511,13.502453,13.499519,13.447498,13.501316,13.934775,13.753697,13.87603,13.657172,13.959363,14.47853,14.104131,14.207268,13.893427,13.874812,13.942963,14.133055,14.066216,14.299412,14.368731,14.101933,14.233914,14.190622,14.987085,14.191046,13.844288,14.012161,13.903447,14.167855,14.597863,13.946064,13.501169,13.762974,14.224619,14.632229,14.895005,15.019524,14.193383,14.192877,14.244828,14.289826,13.443134,13.499817,13.425274,13.763201,13.802951,13.79673,13.636001,13.451276,13.677776,13.970849,14.338852,13.690763,14.312805,14.333878,14.293728,14.094983,14.160713,14.325361,14.368532,14.508906,13.608309,13.691874,13.796303,14.23619,13.739956,13.924743,13.880411,14.033745,14.388529,12.948464,12.456522,12.579492,13.548339,14.038901,14.181528,13.989985,14.230196,14.189461,14.595612,14.684123,14.516308,14.726287,15.206036,14.102426,15.002207,14.635483,14.214929,14.902319,14.609268,12.674481,12.480271,12.581127,13.477938,13.801429,13.679258,13.931145,13.987812,14.051951,14.413846,14.687585,14.504255,14.834286,14.59307,14.700955,15.442717,14.057299,14.484621,14.676272,14.736412,12.942096,12.581653,12.603627,13.56119,13.851217,13.774167,13.795867,13.826655,13.818357,13.785958,14.04512,13.841334,14.198279,14.500145,14.641518,14.982269,14.59645,14.562055,15.115757,14.035864
5,14.768828,13.840103,13.89875,13.523348,13.641119,13.57613,13.564176,13.631405,13.744875,13.576481,13.597765,13.67231,13.528245,13.839033,13.85337,13.515918,13.514991,13.692281,13.725438,13.732533,14.354954,13.796947,13.628816,13.535386,13.598992,13.585495,13.601079,13.515255,13.566501,13.605175,13.675773,13.570387,13.571722,13.554406,13.635222,13.564036,13.687239,13.58116,13.584602,13.575375,14.246676,14.385485,13.887787,13.77418,13.550364,13.604198,13.68273,13.479009,13.575031,13.600437,13.559037,13.527019,13.514813,13.581189,13.639777,13.762072,13.554884,13.519761,13.746739,13.573087,14.456675,13.845877,13.809796,13.942831,13.905718,14.132496,14.010767,14.04048,13.842247,13.918908,13.920454,13.694748,13.605324,13.59299,13.647913,13.607373,14.222845,13.703601,13.604749,13.424786,14.129825,13.73265,13.652916,13.725951,13.910455,13.521172,14.201431,13.823145,13.633574,13.540997,13.524819,13.600728,13.558885,13.562254,13.498495,13.822022,13.537206,14.11157,13.600466,14.072864,14.758578,14.333817,14.102472,13.9113,13.865372,13.959306,13.978343,14.291507,14.121944,14.112167,14.09197,13.928934,13.756328,13.596957,13.664489,13.680803,13.616794,14.086041,13.73215,13.266313,14.611076,13.652144,13.5449,13.591836,13.519968,13.828747,13.684757,13.539744,13.532839,13.678781,13.78701,13.784386,14.142588,13.632448,13.643317,13.591742,13.671155,13.543148,13.712857,13.626485,12.577723,13.168607,13.941452,14.008646,13.825469,14.195196,13.975442,14.249647,14.626295,13.691091,14.053732,14.21306,14.117159,13.980007,14.438941,14.04318,13.808711,13.866804,13.917869,13.866468,12.377206,12.977048,13.584309,13.618781,13.768557,14.140126,13.953857,14.772384,13.827153,14.378143,13.903577,14.487354,13.847265,13.890468,14.836419,13.799872,13.593149,13.770382,13.843795,14.011385,12.367474,12.955863,13.589554,14.171738,13.546436,14.493855,13.636753,14.102502,14.105559,13.995925,14.197958,14.213953,14.094954,13.955207,14.450494,14.124752,14.27328,13.564858,14.151301,13.609088
5,12.872026,12.121514,12.162855,12.656461,14.068201,15.284749,14.157052,13.74676,14.463718,15.010287,14.527526,14.383005,14.772318,14.636112,14.568677,14.539557,14.898196,14.540169,14.60856,14.408774,12.583776,12.382492,12.157643,12.441471,13.640628,13.873756,13.737361,14.170527,13.799404,13.581831,13.669188,13.75909,13.640735,13.8126,13.646372,13.632922,14.305084,13.699915,13.889374,13.588821,13.167322,12.167643,12.228478,12.664056,14.219668,14.804875,14.761769,14.35469,14.218143,14.656542,14.569411,14.57068,14.590567,14.633229,14.364977,14.46297,14.655347,14.496951,14.495065,15.003297,12.978042,12.109308,12.189036,12.483815,13.613675,13.827102,13.763771,14.128449,13.914286,13.938236,14.185503,14.162999,13.775362,13.771954,13.595153,13.853353,14.083767,13.840993,14.048064,14.186781,13.409255,12.157462,12.191405,12.465937,14.110103,13.720078,13.651549,13.716951,13.752899,13.656545,13.586502,13.617821,13.573855,13.693349,13.864325,13.599929,13.775272,13.698343,13.815356,13.601972,12.881708,11.887266,12.176039,12.276047,13.764343,13.685093,14.030087,14.477652,14.37839,14.084454,14.07924,13.721342,13.91915,13.955875,13.757069,13.807999,13.770504,14.228865,13.731608,14.259049,12.576434,12.082803,12.207314,12.47032,13.598594,13.908767,13.77073,13.931353,13.910335,13.759862,13.668182,13.619011,13.671236,13.671979,13.74021,13.859683,14.03993,13.70561,13.805831,13.73724,13.514537,13.173234,13.146367,14.383696,14.374602,14.758918,14.046934,14.768058,14.031174,13.820794,14.391073,14.173908,14.023336,14.816467,14.591739,13.995395,14.073069,14.163049,14.281472,14.27812,13.745578,13.215296,13.154342,14.172819,14.381777,14.268723,14.422772,14.440321,14.187676,13.965862,13.969948,14.367477,14.18644,14.397529,14.205298,14.310363,14.361325,14.392435,14.969032,13.992039,13.371215,12.900697,13.101414,14.577395,14.195252,13.974006,14.246445,14.511726,14.350369,14.548399,14.006491,14.674366,14.007461,14.069563,14.033629,14.130409,14.124906,14.36864,14.647161,14.094539
5,12.863226,11.993283,11.906296,11.961053,12.388947,12.803914,14.520016,14.585031,14.48568,14.42486,14.545395,15.065391,14.663012,14.236083,14.405324,15.036814,14.640966,14.715809,14.526173,14.711522,13.282804,12.016902,11.911837,11.936826,12.506402,12.748531,14.406127,14.537065,14.56114,14.494829,14.533131,15.107467,15.151195,14.375913,14.401201,14.619143,14.49607,14.454635,14.561327,13.836305,13.62959,12.010864,11.904825,11.955863,12.53068,12.779449,13.524224,13.696506,13.783186,13.752587,13.95674,13.861866,13.735789,13.891927,13.924733,14.15934,13.880035,13.714943,14.000295,14.680494,13.015792,12.008818,11.908465,11.955591,12.138138,12.741025,13.890013,13.694877,13.958489,13.959771,13.64234,13.8392,13.749135,13.759216,13.916431,14.212819,13.948396,13.646078,13.803337,13.777699,12.373545,11.919534,11.829004,11.956617,12.220818,12.827014,13.729429,13.812408,13.938136,13.643755,13.788356,13.654533,13.732089,13.958938,13.728547,13.676747,13.669354,13.946127,13.729993,13.790835,12.418495,11.97156,11.908063,11.949713,12.179867,12.784325,14.114073,13.750269,13.73326,14.194979,14.249841,14.268543,14.166782,13.778966,13.732144,13.921456,14.986592,14.536215,14.04815,14.300577,12.655291,11.9368,11.905067,11.955175,12.196639,12.787737,13.62073,13.786619,14.167661,13.729298,13.93162,13.770453,13.79391,13.722091,13.94657,13.795003,13.858029,13.616717,13.734396,13.6861,14.577639,13.726515,13.73297,13.72982,13.941115,14.334647,14.263977,13.90833,13.966811,13.89176,14.024805,14.306551,14.335912,14.194099,14.445269,14.373172,14.247515,13.637221,13.824046,14.2969,14.262888,13.786572,14.023395,13.956982,14.368852,13.971527,14.544895,14.329778,13.795417,13.752585,14.379276,14.257109,14.118597,14.369344,14.285452,13.786588,14.127613,13.797261,13.880847,14.033245,14.298824,13.705672,13.700704,14.373449,14.026841,14.151473,14.369797,13.736809,14.376408,13.809009,13.751627,14.333654,13.984427,14.465706,14.119041,14.054628,14.50052,14.250972,13.759548,13.701075
5,13.213768,12.115078,12.097577,12.050056,12.08447,12.159718,12.204811,12.196245,12.16195,12.196188,12.19168,12.127251,12.137228,12.121725,12.167341,12.151362,12.19891,12.153511,12.224692,13.829357,13.886158,12.11413,12.107019,12.091881,12.238747,12.184741,12.11875,12.16078,12.087206,12.187005,12.130185,12.140415,12.120429,12.183285,12.151624,12.115498,12.169589,12.184153,12.202636,14.820368,12.639134,12.008324,12.05046,11.937671,12.161105,12.145554,12.175378,12.158996,12.14244,12.138641,12.148531,12.212658,12.163151,12.135837,12.22058,12.163643,12.168888,12.217789,12.245581,13.60173,13.984536,12.098699,12.107432,12.086782,12.143366,12.167801,12.177367,12.151857,12.161895,12.176055,12.177401,12.1524,12.142799,12.143763,12.14541,12.134045,12.176531,12.17671,12.200065,14.115372,13.636035,12.077591,12.105691,12.091331,12.132693,12.180151,12.173527,12.151289,12.156553,12.171318,12.185509,12.139028,12.13014,12.121554,12.178827,12.155839,12.155571,12.152201,12.244602,14.09122,12.858656,12.061234,12.099581,12.003719,12.16725,12.140124,12.216813,12.176115,12.190295,12.195032,12.188628,12.117329,12.129846,12.133658,12.123057,12.19287,12.164109,12.175218,12.256408,13.720516,14.266869,12.099264,12.125928,12.133372,12.258744,12.358708,12.247528,12.217409,12.197962,12.192611,12.269257,12.409299,12.242236,12.224472,12.263366,12.317951,12.229195,12.286197,14.276217,15.052063,14.799308,14.792203,14.425536,14.60231,14.545544,14.504296,14.510578,14.373176,14.242365,14.555397,14.496449,14.502514,14.534715,14.878328,14.985358,14.653097,14.701039,14.500807,14.630172,14.732938,14.601078,14.23933,14.425389,14.616011,14.440862,14.532055,14.567029,14.721778,14.775583,14.564614,14.551608,14.483529,14.50895,14.359911,14.618238,14.92518,14.381914,14.798677,14.424151,14.931476,14.738568,14.023912,14.47595,14.552613,14.561122,14.49663,14.60381,15.017081,14.491856,14.51185,14.601073,14.489097,14.511185,14.675468,14.229031,14.435073,14.904271,14.248427,14.916712,14.359637
5,13.237008,12.115014,12.295756,12.313079,12.617171,13.080166,13.047925,13.9234,14.812782,14.537411,14.758201,13.967489,13.346875,13.313921,13.194856,13.274755,13.28739,13.267457,13.365508,13.235661,14.493106,12.393024,12.291221,12.318847,12.520819,12.81973,13.07454,13.741344,14.605591,13.999501,14.711632,13.562357,13.734359,13.317892,13.261184,13.253287,13.266218,13.364896,13.335262,13.833891,13.367564,12.314835,12.137773,12.375125,12.405548,13.023941,13.054023,13.734404,14.658973,14.023524,14.047082,14.067968,13.233107,13.248835,13.30789,13.292925,13.178508,13.275779,13.327245,13.302299,14.553281,12.370409,12.338078,12.406533,12.435365,12.814936,13.018385,13.775363,14.639266,14.022785,14.637856,13.741772,13.590922,13.334463,13.243427,13.249854,13.310892,13.344739,13.310682,13.296854,12.861361,12.273648,12.120787,12.330218,12.599595,13.055177,13.006938,13.755363,14.034381,13.97384,14.123077,14.092428,13.357595,13.202707,13.269266,13.353931,13.24356,13.280976,13.29383,13.247677,15.027153,12.338383,12.356708,12.386863,12.73653,12.985634,13.032244,14.319003,14.796225,14.470889,14.081985,13.672388,13.259044,13.263597,13.352544,13.343886,13.334074,13.457364,13.322282,13.41158,14.562337,12.27428,12.423856,12.344112,12.544872,12.809542,12.973603,13.801639,14.78893,14.108999,14.282676,13.580582,13.786045,13.28772,13.275957,13.407646,13.370194,13.254779,13.376693,13.5188,13.523124,13.458153,14.629651,14.711575,14.939435,14.955043,15.00553,14.755054,14.762584,14.786992,14.765609,14.93494,15.097119,14.999884,14.56108,14.403847,14.68592,14.602317,14.590833,14.679259,13.341767,13.351001,14.562582,14.672744,14.961458,14.80115,15.165663,14.73481,14.781347,14.778813,14.739508,14.88723,15.041922,15.132181,14.582033,14.392867,14.641857,14.708415,14.559483,14.538377,13.61925,13.465127,14.442505,14.636081,14.983217,14.760534,15.235741,14.754729,14.784518,14.770962,14.736386,14.833011,15.097585,15.086959,14.492528,14.41566,14.635514,14.811531,14.470844,14.534517
5,16.378545,12.798596,12.548023,12.662067,12.909368,13.483886,13.671402,13.5657,13.766008,13.858794,13.461396,13.286765,13.450579,13.351871,13.286015,13.250734,13.338456,13.357761,13.330755,13.295173,12.901478,12.256174,12.517339,12.715028,12.90172,13.658833,13.855468,13.81354,13.828141,13.416437,13.312603,13.211334,13.26784,13.295636,13.368637,13.304288,13.37828,13.339293,13.317177,13.597679,16.042728,12.711294,12.602965,12.709564,12.88072,13.67389,13.744365,13.571499,13.698382,13.672726,13.399453,13.31186,13.451544,13.333538,13.327249,13.139469,13.340447,13.346103,13.303169,13.928286,17.090076,12.71398,12.653228,12.710835,12.880353,13.509517,13.69282,13.5637,13.77443,13.862415,13.477146,13.319923,13.43564,13.2974,13.284696,13.370229,13.328385,13.377782,13.342012,13.517095,15.257168,12.512158,12.502099,12.643707,12.894265,13.243015,13.684552,13.953372,13.817182,13.940259,13.344542,13.349155,13.42302,13.254506,13.266181,13.252851,13.36851,13.327272,13.325779,13.335133,14.413571,12.45776,12.517612,12.631114,12.835536,13.1956,13.835804,13.906497,13.846168,13.88253,13.305505,13.322294,13.302081,13.33529,13.316159,13.380134,13.315741,13.22041,13.368647,13.323495,13.390318,12.408368,12.496626,12.565892,12.83672,13.259142,13.856483,13.919951,13.840899,13.85688,13.334578,13.265215,13.335195,13.333625,13.343939,13.327679,13.348774,13.243053,13.279799,13.487141,12.810161,12.869648,12.989346,13.022293,13.827724,14.729243,14.927092,14.709156,14.419737,14.720172,14.647157,14.87994,14.780642,15.210143,14.596753,14.454108,14.665006,14.542119,14.741496,14.765599,13.567205,12.77934,13.114447,13.123997,13.761909,15.402319,14.855106,14.617709,14.472458,14.659925,14.434443,14.544408,14.592065,15.238964,14.768971,14.455773,14.531679,14.716218,14.459128,14.829666,14.088632,12.848766,12.98209,13.193698,14.187926,14.534134,15.278041,14.730262,14.4203,14.607171,14.545923,14.424135,14.636843,15.277544,14.766787,14.476122,14.525136,14.677043,14.525554,14.893205
5,14.535481,14.272825,13.558588,15.196421,15.105267,14.911893,15.239847,15.1287,15.392458,15.686867,15.456885,15.49857,15.526311,15.375783,15.484972,15.601732,15.378843,15.248062,15.421972,15.336229,20.247602,14.915639,15.346311,15.977394,15.424327,15.729471,14.901897,16.135228,15.530796,15.2024,15.668034,15.376081,15.580943,15.418404,15.455949,15.444825,15.67553,15.134109,15.613793,15.416062,17.423952,14.427721,14.15814,15.612247,15.451482,15.195566,15.071598,15.74582,15.483629,15.575568,15.672884,15.282692,15.43903,15.491209,15.488072,15.544665,15.472277,15.555642,15.540664,16.261293,13.414134,13.676418,13.717936,15.577579,14.982635,14.771873,15.274779,14.827202,15.08932,15.756774,15.369899,15.489785,15.484346,15.502774,15.451725,15.403991,15.690473,15.407611,15.661199,15.078051,16.707457,14.468135,14.071376,15.491976,15.131373,15.473729,14.857051,15.083507,15.297062,15.295191,15.463152,15.558039,15.38699,15.486427,15.470197,15.430407,15.521609,15.450344,15.30156,15.800575,15.650015,14.256211,14.030089,15.143152,15.107973,15.481428,15.338022,15.126002,14.670385,15.752773,15.596765,15.452748,15.525217,15.364788,15.482224,15.518857,15.049468,15.297132,15.443381,15.295989,18.396669,14.53573,14.35128,15.524661,15.455899,15.141763,16.060929,15.329081,15.724546,15.68019,15.561119,15.362487,15.569066,15.411839,15.481755,15.509558,16.253782,15.668788,15.307426,15.424048,15.09815,14.763042,15.090814,14.894777,15.225256,14.990458,14.83428,14.835987,15.193141,15.167184,14.945466,14.812503,14.960424,15.101129,14.927637,14.794045,15.074207,14.894567,14.787246,14.820193,15.090784,14.872956,14.910682,14.899132,14.928478,15.116122,14.923155,14.805608,14.997266,15.221763,15.238867,14.717028,14.719536,15.125356,15.114828,14.788897,14.87713,15.130114,14.76306,14.844397,15.301763,14.957564,14.875937,15.007673,14.829525,14.790802,14.953786,14.602684,14.943358,15.000936,15.102481,14.823428,14.621747,15.124536,15.24549,14.767026,14.798751,15.101902,14.798664,15.349001
5,21.889258,18.722877,19.002798,18.879926,18.416056,18.548534,18.635666,18.532253,18.739343,18.698571,18.736195,18.55332,19.046599,18.709473,18.600377,19.12278,18.848346,18.597485,18.691955,19.986516,13.835288,17.692228,17.27455,17.113765,17.95703,18.446586,18.501814,18.740235,18.495519,18.753787,18.739744,18.664133,18.56589,19.052837,18.701753,18.636375,18.985247,19.191364,18.375211,18.617186,15.758422,18.519712,18.173934,18.377176,18.563897,18.422019,18.635093,18.697396,18.737485,18.70371,18.69346,18.489885,18.994482,18.648893,18.702765,19.056396,18.895565,18.489738,18.672138,20.193066,20.534399,18.990564,18.117061,19.170862,19.226728,18.189934,18.703301,18.823151,18.426799,18.710677,18.785893,18.48771,18.43155,19.357154,18.62063,19.018679,18.942909,18.047514,18.609453,19.026209,17.119795,18.7604,18.097698,19.307397,18.326278,18.4204,18.856442,18.407045,18.721481,18.585645,18.782451,18.412272,18.520095,19.335771,18.584034,18.709059,18.923014,18.918751,18.592445,18.832498,23.544948,19.070687,18.917222,18.753569,18.414542,18.508791,18.741225,18.48832,18.707034,18.766733,18.742438,18.481278,19.022921,18.789199,18.547828,19.103262,18.892392,18.661615,18.600889,19.405624,18.734635,18.907736,18.047181,19.316868,18.440425,18.340603,18.653134,18.475333,18.791827,18.650779,18.785957,18.532141,19.088746,18.712301,18.603111,19.094814,18.85274,18.542513,18.773264,19.924908,16.017503,16.417454,16.998116,17.096624,17.284193,16.985497,16.974701,17.188217,16.930988,17.169603,17.097602,17.113695,17.214305,17.131546,16.835163,17.265103,17.731975,16.739126,17.027748,17.197908,15.786494,16.036254,15.354107,15.767259,17.055509,16.920396,16.957073,17.29582,16.841419,17.201508,17.125889,17.17405,17.104219,17.16343,17.211501,16.932978,17.258555,17.40773,16.798898,17.212985,16.058063,16.923042,17.266845,16.889512,17.137554,17.042969,16.774306,17.187706,17.270977,16.939739,17.10892,17.286478,17.21016,16.73405,17.207934,17.556153,17.037677,16.995802,17.272443,17.148624
5,23.856336,23.181731,24.300158,24.629301,24.661143,23.976165,23.643222,24.446371,24.289556,24.386499,24.333329,24.696166,24.224761,24.493603,24.51768,24.36256,24.544154,24.087779,24.51394,24.563796,27.907481,23.48979,24.156968,24.616782,24.520591,24.084162,23.715386,24.491833,24.304669,24.395362,24.298508,24.542513,24.410856,24.468782,24.430132,24.361762,24.568743,24.162824,24.455483,25.460353,14.645227,21.906432,23.858423,25.366229,24.562361,24.061415,23.603709,24.534345,24.261625,24.455001,24.320037,24.573532,24.6245,24.147043,24.509002,24.408782,24.584646,23.963802,24.86971,24.466688,26.387826,23.154521,24.225196,24.658061,24.477983,24.046016,23.820142,24.368333,24.320623,24.388659,24.393137,24.570023,24.35168,24.428664,24.421181,24.427804,24.547347,24.131324,24.517838,24.570675,19.37773,23.002935,23.852028,25.0284,24.633457,23.977048,23.818244,24.391413,24.281534,24.392258,24.286142,24.615294,24.456596,24.365334,24.432025,24.454271,24.554906,24.0943,24.455609,24.573865,21.157349,23.070641,24.066274,24.920701,24.621421,23.994275,23.725247,24.432567,24.319866,24.384361,24.406858,24.611796,24.278155,24.478854,24.414809,24.388003,24.530135,24.126827,24.625841,24.724336,16.975684,23.017502,23.846104,25.276919,24.390767,24.235058,23.542934,24.470425,24.349634,24.355695,24.395115,24.555848,23.68036,25.175716,24.374541,24.371826,24.559807,24.082452,24.675739,24.419176,16.443772,16.821331,16.943963,16.775482,16.64797,16.618778,16.773791,16.812067,16.813351,16.438739,16.719524,16.478629,16.746905,16.740744,16.468958,16.29207,16.30749,17.025346,16.875077,16.750155,16.860631,16.702521,16.977987,16.729851,16.975904,16.676746,16.815849,16.917113,16.496808,16.561769,16.519042,16.608009,16.419833,16.855129,16.785639,16.663122,16.4879,16.557378,16.38616,16.38752,16.380667,16.849628,16.694811,16.559835,16.712982,16.695823,16.60634,16.8538,16.844611,16.57387,16.262983,16.595135,16.741351,16.486094,16.669267,16.648116,16.837396,16.381356,16.599501,16.172959
5,16.068233,33.039906,35.711471,34.504852,35.764824,33.443889,35.69745,34.243919,33.314079,34.62097,34.49882,34.446514,33.210523,33.320252,33.153421,34.483835,34.908303,35.69417,34.699818,34.46546,29.42769,35.757884,34.66295,34.448034,34.491008,34.711289,35.590881,34.665684,34.668913,34.551258,34.579033,34.615727,34.822533,35.572686,34.632814,34.718266,34.458153,34.513649,34.709106,34.462049,36.18195,35.757825,34.402227,34.544357,34.643856,34.557214,35.784825,35.833103,34.621263,34.738107,34.506739,33.404608,35.773892,35.796657,34.631878,34.578958,34.789113,35.810486,34.612094,32.706329,32.726433,35.601919,34.495945,34.617363,34.66319,34.739658,35.615539,34.688576,34.248072,34.52769,34.734151,34.828442,35.576455,34.924127,34.355112,35.029023,34.376971,34.703351,34.730018,35.053919,22.627549,34.978006,35.387614,34.361303,34.438894,34.871065,35.584655,34.472426,34.551219,34.643773,34.613925,34.695662,34.588083,34.479443,34.84253,34.327635,33.213926,33.284255,35.862554,34.649671,26.299775,35.29625,35.251497,34.207406,34.425388,34.812606,35.574263,34.518511,34.74785,34.619272,34.461,34.710614,34.658705,34.663254,35.741865,34.61231,34.659598,34.479641,33.478477,34.273354,19.350147,34.864052,35.242855,34.514214,34.453637,34.752277,35.599168,34.536083,33.518319,34.368957,34.547182,34.753576,35.807428,33.132531,33.337693,34.586448,34.843228,34.20552,34.58484,33.150841,27.778928,19.065708,18.333527,20.768016,20.880091,21.427587,18.970855,20.961422,21.054942,18.972678,20.94508,17.363095,18.354301,18.539123,18.023118,18.975351,18.082856,18.609124,18.593653,18.112229,25.090135,19.143012,19.321882,20.744364,19.927489,22.487428,18.875048,19.904378,22.140783,19.091688,20.906406,18.604519,18.479735,18.367626,18.769378,18.052131,18.760519,18.538527,18.033833,18.220907,22.8586,19.231871,21.108441,21.834153,20.08981,19.424887,21.594915,19.985078,19.372628,21.720093,21.103693,18.471428,18.4,18.56723,18.068154,19.001535,18.395051,18.172275,18.867808,17.736387
5,17.224021,41.330504,42.662585,43.121652,43.227455,44.798429,41.372211,41.497392,41.866541,44.654135,43.46291,43.197699,44.776056,41.437409,41.888636,44.667838,43.44829,43.135707,45.040782,41.230359,30.100125,44.112383,43.601726,43.195642,43.217041,42.978936,43.226508,43.553293,43.235082,42.997116,43.244132,43.248663,39.198581,41.109096,43.224752,41.818934,44.712483,41.463981,43.484798,41.998228,38.873784,44.391983,43.446996,43.242591,43.229579,43.139233,45.058906,43.224882,43.0499,43.238047,43.408733,45.158914,41.53421,44.64925,43.2613,43.439995,43.218728,45.033166,41.363885,40.013497,33.949836,44.385217,43.44765,43.214631,43.206814,43.046001,43.368755,44.879253,43.173491,41.694152,44.839983,41.686473,43.04117,45.205983,42.981431,41.91344,43.010657,43.189853,43.122748,43.854434,42.729641,46.20398,43.192582,43.127516,43.594873,44.926391,41.507923,43.352216,44.678518,43.536944,43.156609,43.213875,43.106616,43.368064,45.001806,43.036056,43.282278,43.507526,44.660755,41.926961,21.431427,43.628874,42.135701,44.956272,41.61013,43.417426,42.889811,43.283057,43.298964,41.783244,44.655003,41.416475,43.773715,42.786273,41.654032,44.823573,43.219545,42.968596,43.841275,42.807583,25.785002,43.746959,43.932491,43.228337,43.14463,43.077194,41.722578,44.991707,43.261892,41.506841,43.450017,43.117274,49.38521,43.088275,43.281931,43.257966,41.911827,44.365649,41.701262,41.914409,35.8017,21.026308,20.627451,19.981511,19.636358,22.689014,21.943996,23.365317,22.067281,22.357089,21.985212,20.604506,19.408739,17.808917,22.271979,22.13179,22.317227,22.058926,22.394363,22.041853,38.878266,21.382666,21.960189,19.932951,18.353936,22.405028,22.918108,22.225533,22.358971,22.64445,24.360566,19.442542,20.472402,22.193349,23.981373,20.473808,24.071615,20.434854,24.029335,20.406796,42.04539,21.76406,23.363694,21.473932,24.264426,20.560203,24.800428,20.304464,24.117782,20.286351,19.385339,20.494972,17.978476,23.709968,22.289187,22.020345,22.45409,22.018276,22.37218,21.910293
5,53.635448,61.157666,57.795134,57.719179,55.215242,57.574436,60.026298,57.787997,57.474355,57.850878,60.03893,57.679631,57.631506,60.019314,57.891756,57.639787,57.41855,60.12092,55.4527,58.749969,47.521197,59.070849,57.67011,57.697806,57.650276,57.692112,57.63622,57.62312,57.625983,57.707891,57.727329,57.637527,60.153768,57.727314,60.004951,57.825507,59.847333,55.345276,59.66643,56.752581,23.982419,59.398745,57.837067,55.462067,58.045698,59.467805,57.662528,56.553529,58.719137,57.820076,55.24553,57.657866,57.653378,57.840698,55.245815,57.762801,57.514865,57.852609,57.470303,56.467157,30.095576,59.283902,57.68549,57.798198,57.705928,57.468578,57.716735,57.58531,57.61006,57.684827,57.867462,55.490324,59.853847,55.203955,57.855563,55.261015,57.615664,57.663819,57.667534,56.407687,35.88518,59.323134,57.730112,57.729995,57.640545,57.688631,57.635545,57.649495,57.619764,57.694102,57.734598,57.77466,57.562647,57.697062,55.534818,57.897279,59.715419,55.332687,57.704912,56.183362,42.033958,59.117197,57.704047,57.647896,57.748201,57.586035,57.740549,57.53568,57.683762,57.671579,57.661071,57.719159,57.646988,57.752951,57.621928,57.847728,57.450793,57.836012,57.672665,58.64375,18.301212,56.753066,56.04904,59.689972,57.61767,59.983338,55.214486,55.376294,59.857071,55.922397,59.628434,57.649531,55.207043,55.478633,59.858784,55.688404,59.844364,55.518623,59.819365,55.293433,50.776474,32.299635,27.188869,24.381316,24.430678,24.569404,22.661273,27.372326,27.281697,27.254026,27.246861,27.233643,27.290661,27.311543,27.303996,27.245023,27.2591,27.25303,27.307881,27.297823,55.507267,29.303407,27.346286,26.732583,24.355983,24.946751,29.904905,25.122307,27.479807,27.255739,27.22245,27.188495,27.286698,27.202164,27.430107,27.049082,27.453578,27.222596,27.294953,26.9214,55.551659,29.115055,27.360925,29.033794,24.494026,22.849578,29.329184,27.288374,27.436278,27.278493,27.228997,27.1968,27.167699,27.313404,27.43217,27.272859,27.241568,27.226755,27.276717,27.072651
5,57.422812,90.897877,86.48439,86.609182,86.541802,86.389354,86.715453,86.554164,86.399451,86.719272,86.554646,86.397681,86.678164,86.510591,86.494415,86.636127,90.056605,86.454471,90.225673,85.20727,39.20733,91.311598,86.67544,86.527266,86.397169,86.72451,83.00825,86.419254,82.980105,86.749121,86.51406,86.50294,86.623195,86.516425,86.602297,86.54787,86.529854,86.605821,90.061467,85.25162,48.250194,91.234301,86.354788,86.756823,86.51915,86.379244,86.779197,82.9642,86.457113,86.708383,86.494763,86.437979,86.697015,86.518999,86.390455,86.773164,86.528049,90.095254,86.576194,85.299805,66.14734,90.501891,86.476922,86.403336,90.252365,86.481952,86.568667,90.103497,89.877857,86.771436,86.493224,86.454618,86.68844,86.504441,86.457937,86.730628,86.50089,82.911568,86.746206,85.999029,75.283561,93.655112,86.570515,89.902267,86.719871,86.485742,90.155808,90.034511,86.391243,86.730711,86.487924,86.508394,86.352861,86.788149,86.522837,86.678368,83.027288,86.380315,86.760018,86.183998,21.489402,87.7105,86.835191,86.344807,83.249206,86.538496,86.507403,86.552069,86.554443,86.389353,86.688701,86.551525,86.499275,86.588896,86.571549,86.515613,83.092323,86.577552,86.500317,86.624279,30.269452,91.273906,87.125436,82.673338,86.403734,86.738763,86.52006,82.913873,86.697277,86.499112,86.470955,86.675297,86.506618,86.440792,86.738652,86.484766,86.419809,86.762598,83.019646,85.102641,80.978532,46.478957,37.369255,37.199437,39.624257,33.380017,37.185742,37.063812,36.887238,37.173381,37.68795,37.053887,37.427732,37.119038,36.847098,37.220492,37.027537,37.062723,36.881872,37.799346,85.565811,46.236653,37.361309,37.068395,39.522408,37.229571,37.106496,37.050072,36.900819,33.931252,37.287376,37.262998,37.379936,40.596104,36.884155,37.178019,37.031015,37.040817,33.750977,37.434496,83.595607,40.110201,37.170539,37.300527,39.484935,40.68378,37.105086,37.027068,36.910337,41.320634,37.182083,37.168889,33.726041,37.043725,36.984922,37.079223,37.025415,36.863493,41.265282,35.789476
5,83.859663,117.480248,115.367562,120.173986,120.1238,120.126934,115.528477,115.270903,115.324617,115.50191,115.367099,115.58521,115.501029,115.359422,115.437742,115.399529,115.300876,111.033214,115.386072,114.957974,24.099775,113.619524,115.837616,111.045976,114.944341,115.497365,115.530213,115.420877,111.090329,115.058979,115.396265,115.394231,115.558521,115.428855,115.423962,115.405492,115.38559,115.419397,115.333504,110.890095,60.552522,117.697874,115.406421,115.411159,115.39888,110.583116,115.642671,115.447366,115.419145,115.40905,115.384278,115.426551,115.419199,115.347396,115.549169,115.510817,120.100321,115.420682,115.432317,118.767401,48.172216,117.879469,115.814104,110.531225,115.479016,110.893722,115.424862,115.448377,115.415464,115.391843,115.395772,115.412499,115.337139,115.582319,115.443773,115.45494,115.444534,115.357721,120.1502,114.244867,72.532544,117.48591,115.412356,115.393868,115.289204,115.445062,115.420062,115.59835,120.125879,120.225026,115.329489,115.428398,115.712744,115.148178,115.385355,115.34685,111.031089,115.292814,115.430041,114.719881,95.665934,122.183166,120.123715,120.107826,115.428606,120.125773,115.412534,115.421017,115.386577,115.400399,115.410268,115.357509,115.591151,115.435301,115.433929,110.669332,115.306695,115.462075,115.574576,115.049045,36.044213,118.194421,111.080722,115.405815,110.603864,115.58358,115.433972,115.435262,115.413615,111.066763,115.049463,115.333575,115.576795,115.450739,115.408908,115.451924,115.391765,120.13709,115.445563,114.052587,110.460735,62.09009,49.533918,49.134628,45.233641,49.092856,49.264171,49.603476,49.389863,49.424381,54.162151,52.657369,45.181,49.0054,49.275129,49.555086,49.485722,49.278809,49.570994,49.426896,113.083332,57.789974,49.440743,49.278582,49.58528,44.759177,49.260969,54.276844,49.266338,49.559403,49.462589,52.591748,49.58272,44.678816,49.442019,49.38984,49.505619,53.945354,45.222619,49.088865,111.609128,53.519197,49.452795,49.267224,54.31218,53.9502,45.234042,44.727961,53.628413,45.194341,49.118666,52.750999,54.148957,53.843167,49.604557,49.475848,44.532374,49.584588,54.151535,52.079952
5,120.920416,176.135025,173.27114,173.271008,173.000915,173.313239,173.2337,172.973167,173.360358,173.25593,172.998832,173.286516,178.313823,173.036399,173.346219,173.225273,178.226749,173.221256,173.015565,173.331884,49.89442,176.401576,167.13164,179.693749,173.312675,173.373454,166.485782,179.70329,166.530284,179.840273,173.192028,166.650862,184.661039,173.363113,166.532005,179.675248,178.589905,166.499805,179.725993,171.965427,68.491307,176.101869,172.99734,173.338988,173.194405,173.021848,173.440754,173.06877,173.027005,173.309104,173.257761,172.926466,178.509276,173.148665,173.038788,173.378974,178.097877,173.295003,173.264946,171.938707,86.038111,176.165397,173.244062,173.159283,173.039668,173.336369,173.205854,173.019643,173.347187,173.186369,173.037342,173.280492,178.106732,173.353008,173.234964,173.033872,178.436099,173.167071,173.051523,172.561861,31.802983,170.437294,166.70032,179.723714,173.2057,166.684656,179.68781,173.02725,173.198293,173.324914,173.181666,167.271039,184.158347,173.197533,168.741194,177.61467,178.308121,166.412183,179.815276,173.235758,138.714969,183.081226,173.251541,166.617256,179.690442,173.270518,173.111631,173.074189,173.986601,165.893063,179.704086,173.445205,171.590688,179.699776,173.24548,166.640796,184.824649,173.18492,173.287245,172.538492,103.873011,176.097435,172.960075,173.361418,173.232604,173.041362,173.293419,173.184098,173.228655,173.037526,173.347268,173.170094,178.23196,173.248739,172.975136,173.31916,178.127813,173.335287,173.249165,173.183071,161.727203,80.598403,67.649549,80.721229,67.524189,80.829172,74.121587,74.168528,74.225464,67.623768,80.559559,67.808838,80.509984,67.83847,80.451125,74.435802,74.141802,74.203506,67.499158,80.850262,168.879603,74.00295,74.191195,74.036316,74.333149,74.00766,74.333305,74.118971,74.228802,74.131135,73.968731,74.366979,74.019857,74.354588,74.129714,74.244152,74.142785,74.102455,74.376857,73.941101,167.565664,73.949599,74.190315,74.184822,74.021577,74.227735,74.119907,74.333811,74.143555,74.186549,74.165403,73.985219,74.378319,74.038026,74.334807,74.144846,74.228021,74.124106,74.131785,74.270456
5,143.230807,350.996209,347.901171,346.348785,346.565389,346.416727,346.438451,346.432392,346.297757,346.56512,346.447338,346.477378,346.462379,346.22295,346.712059,346.29817,346.461101,346.436501,346.516652,346.30273,178.436501,352.720208,346.297898,346.608316,346.420071,346.46265,346.388625,346.434417,346.486211,346.40078,346.416784,346.502552,346.351853,346.521982,346.385931,346.429654,346.642646,346.368164,346.455618,345.055693,284.31723,352.616057,346.348743,346.454378,346.328584,346.489519,346.447443,346.497267,346.387737,346.467124,346.366227,346.577343,346.489168,346.472401,346.377815,346.531237,346.411826,346.397298,346.303073,346.255033,248.912559,352.418738,346.41872,346.331657,346.588838,346.546467,346.314843,346.561096,346.372243,346.254291,346.591458,346.562493,346.508975,346.351954,346.54009,346.49306,346.281024,346.561659,346.321068,346.333581,214.093306,352.353505,346.527827,346.288287,346.465053,346.428165,346.25443,346.601017,346.446946,346.46436,346.587552,346.355274,346.556745,346.533875,346.211882,346.557659,346.43686,346.452935,346.477455,345.969154,72.291901,351.379549,347.617985,346.449458,346.55062,346.35357,346.423633,346.355802,346.503186,346.434362,346.448857,346.461393,346.5092,346.486894,346.373642,346.550864,346.414005,346.469196,346.219724,346.545806,107.664669,351.426419,347.346835,346.696277,346.324367,346.584041,346.301006,346.566721,346.395667,346.475374,346.458562,346.360472,346.622872,346.30485,346.484753,346.437813,346.545391,346.354581,346.530289,345.107035,336.021188,148.525699,148.228638,148.510872,148.408876,148.378668,148.493442,148.420073,148.400544,148.533077,148.379628,148.403969,148.438701,148.159572,148.485719,148.418291,148.223871,148.675078,148.34481,148.474567,338.588852,148.273717,148.433479,148.368701,148.553911,148.374364,148.429356,148.284262,148.594447,148.472496,148.28301,148.436632,148.457219,148.518352,148.173937,148.425675,148.310747,148.437326,148.529963,148.320109,332.210692,148.118739,148.643379,148.27789,148.432418,148.372638,148.515299,148.390468,148.466486,148.436281,148.436931,148.319929,148.526739,148.353762,148.247706,148.158203,148.716231,148.445614,148.428718,148.290033
5,512.288775,712.716686,693.087097,692.905298,693.093122,692.912149,693.027737,692.796137,693.008722,692.863917,692.943926,693.012016,692.901771,692.842776,692.977207,692.930209,692.991839,693.029747,692.944534,692.940069,371.016898,712.804416,692.954597,692.902871,693.156607,692.959193,692.973889,692.979453,692.905923,692.868593,692.853907,692.935749,692.994416,692.929302,692.959409,692.897735,692.908284,693.01756,692.931406,692.590869,441.700789,713.016173,693.002859,692.879239,693.020948,693.050206,692.92392,692.914777,692.962535,692.874738,692.83772,693.010355,692.929987,693.018146,692.904063,692.808448,693.013318,693.036743,692.819136,693.029021,158.574053,710.252681,695.384707,693.013363,692.995205,693.095757,692.843205,693.016243,692.992316,692.846686,692.871986,692.703931,693.258011,692.996598,692.839057,692.854646,692.950006,693.062698,692.963928,692.896082,300.217819,710.281108,695.407555,693.07587,692.900583,692.968808,693.027058,693.007966,692.800553,692.845649,692.965279,692.88128,692.896098,692.998463,692.943761,692.841958,692.903188,692.946536,692.992174,692.587598,583.040715,712.788279,692.988088,693.068795,692.77924,692.883079,693.302609,692.932446,692.881881,692.688141,693.052639,693.057753,692.993718,692.878756,692.89541,692.930996,692.98511,693.03905,692.856552,692.901605,229.270351,710.356956,695.490403,692.928291,693.039902,693.007406,692.969992,693.014675,692.862271,692.914011,692.887448,692.881211,693.020414,693.027517,692.879882,692.863975,692.903193,693.099401,692.961744,692.457393,673.668456,296.883048,296.86831,296.962991,297.009162,296.96989,296.914296,296.960906,296.927048,296.989121,296.981707,297.020631,296.912794,297.079651,296.935712,296.917556,296.975436,296.885122,296.723796,297.234562,674.562967,296.721019,297.037996,296.942704,296.643285,297.181993,296.952576,297.02402,296.583569,297.170875,297.095002,296.967988,296.862976,297.106705,297.039161,296.846105,296.761656,296.915933,297.166303,296.779554,674.404837,296.741183,296.928027,297.046992,296.920022,296.858611,296.964217,296.995221,296.946538,296.957549,296.999655,296.778644,297.184413,296.98421,296.948955,296.943785,296.920209,296.905699,296.975683,296.852707
5,412.94487,1787.687312,1756.987922,1750.610075,1750.64302,1744.276189,1744.261442,1742.795555,1752.198946,1750.543389,1744.15731,1750.450793,1801.493993,1744.151581,1750.877609,1749.276692,1750.6617,1744.351663,1750.506687,1750.458338,1297.85467,1800.436815,1744.315677,1750.575698,1750.542677,1750.251788,1738.39937,1744.432988,1750.286469,1750.632986,1744.20323,1750.763163,1801.16629,1744.40012,1750.629147,1749.516454,1750.668252,1744.250566,1750.296193,1750.858386,944.071876,1794.240469,1750.51075,1750.526295,1750.602006,1750.079974,1738.665655,1744.199616,1750.759763,1750.488979,1744.124483,1750.610808,1801.295669,1744.36401,1750.555337,1749.54254,1750.648838,1744.36223,1750.31008,1750.643504,589.706811,1794.230001,1750.678891,1750.602926,1750.252129,1750.504145,1738.389069,1744.362695,1750.693575,1750.561035,1744.057596,1750.573156,1801.513973,1744.108848,1750.798422,1749.292712,1750.732401,1744.252212,1750.497301,1750.441678,766.739484,1794.423011,1750.588092,1750.682829,1750.365663,1750.233712,1738.430356,1744.373291,1750.678403,1750.606583,1743.973053,1750.623382,1801.359081,1744.030533,1750.921971,1749.177404,1750.958984,1744.305894,1750.401645,1750.535556,1120.791263,1800.606028,1744.556004,1750.576076,1750.552999,1750.114972,1738.504654,1744.379109,1750.558416,1750.530049,1744.213018,1750.56632,1801.363003,1744.347452,1750.518494,1749.522636,1750.774677,1744.286759,1750.084065,1750.839018,1474.803555,1800.443826,1744.3712,1750.730699,1750.383445,1750.109739,1738.508401,1744.387146,1750.587541,1750.348466,1744.21212,1750.856565,1801.162691,1744.438745,1750.50836,1749.604438,1750.53057,1744.293233,1750.396383,1750.846978,1710.81736,742.247174,742.658051,742.531062,742.605076,742.504713,742.47345,742.426974,742.352896,742.549188,742.35612,742.388207,742.464016,742.355277,742.684588,742.615111,742.403686,742.417269,742.673017,742.431891,1711.538902,742.620804,742.481692,742.416414,742.685124,742.689494,742.296869,742.412404,742.566424,742.39825,742.364616,742.436257,742.140726,742.604929,742.72869,742.57312,742.585724,742.355152,742.461382,742.57757,1711.125319,742.396019,742.471529,742.550232,742.532023,742.608025,742.321816,742.392731,742.662275,742.262197,742.12149,742.672909,742.440075,742.569271,742.662103,742.355279,742.507151,742.614352,742.455682,742.483532
