1,18.157618,14.363731,15.992119,14.345583,14.293942,14.300088,14.568651,14.557207,14.409747,14.438592,14.332141,14.733063,14.333042,14.32259,14.634857,14.575322,14.354219,14.335479,14.402479,14.393508,15.340136,14.438773,14.555534,16.125368,15.894739,14.303536,14.258378,14.330022,14.357482,14.995259,15.039085,14.422718,15.236282,15.434639,14.799836,15.062674,15.036614,15.111169,15.321151,15.087692,16.605227,18.355779,15.181542,14.442083,14.314797,14.34125,14.300902,14.384015,14.355638,14.301855,14.359669,17.427089,15.84716,14.325746,14.309851,15.090855,14.299091,14.242899,14.301911,14.255917,17.365538,14.360121,14.346313,14.268508,15.368023,14.672263,14.291123,14.408448,14.237704,14.301994,16.352244,14.703902,14.302827,14.310707,15.045239,14.289906,14.259253,14.301839,14.371708,14.378025,16.759199,15.443676,14.336815,14.312177,14.336139,14.466416,14.343227,14.440853,14.356542,14.562723,14.413601,14.326799,14.353677,14.362297,14.330313,14.549851,14.396725,14.327195,14.392977,14.419118,16.75337,15.739224,14.315408,14.292128,14.301618,14.701117,14.626734,15.963713,15.854312,14.421787,14.883441,14.334614,14.421071,14.342236,15.055407,14.432932,14.298607,14.318488,14.329072,14.5154,15.492397,18.810299,14.368982,15.631891,14.347179,14.326077,14.357975,14.4747,14.295198,15.040064,15.179877,15.390191,14.309979,14.936314,14.904071,17.639907,15.130975,15.196902,15.204677,18.457689,22.210077,20.234288,20.378011,20.137871,20.155837,20.177949,20.190111,20.197663,20.380522,20.285892,20.16012,20.468878,20.443199,20.463172,20.142537,20.466171,20.127042,20.388587,20.265963,26.941954,20.978931,20.270755,20.226662,20.114678,20.291777,20.115172,20.161474,20.113464,20.210512,20.118315,20.049045,20.114468,20.052101,20.212416,20.118618,20.483003,20.131899,20.389652,20.237263,30.044361,20.756226,20.169129,20.188583,20.069269,20.118508,24.247759,20.201827,20.145327,20.192315,20.178177,20.214634,20.297168,20.544112,20.502741,20.264488,20.140384,20.466198,20.483999,20.44417,29.988238
1,16.594956,14.302472,15.554465,15.853031,14.288867,15.441577,15.262551,14.547204,14.438597,14.427742,14.42699,14.426074,14.30327,14.322231,14.301322,14.299176,14.634168,14.28467,14.733982,14.377524,18.174874,16.289915,16.579728,15.014573,15.247599,15.933261,16.208761,15.230018,15.692547,15.96255,16.852827,14.515649,14.56585,14.696659,14.745929,14.878755,14.954136,14.767083,14.626179,14.602613,15.84342,17.75542,15.157533,15.025162,15.249768,16.672505,16.305948,16.552599,15.628757,15.664732,15.040425,14.522029,14.555138,14.711945,14.747011,14.882793,14.948185,14.754935,14.489739,14.76283,16.612708,15.868301,14.321247,14.286903,15.79676,15.472821,14.446899,15.586222,14.419063,14.31558,14.307267,14.287707,14.2717,14.312212,14.310189,14.296889,16.033293,14.465388,16.229736,14.607799,15.306757,15.770945,15.544562,15.710124,15.852215,14.447036,14.388859,15.656542,15.131589,14.403261,14.461098,14.473219,14.294521,14.303246,14.308408,14.245051,14.349872,14.382386,14.320563,14.416155,15.303149,15.777741,17.302367,14.270894,14.346186,14.348058,15.427358,17.260269,14.28477,14.27007,14.441272,14.290584,14.270411,14.271049,14.257921,14.306854,14.245094,14.48514,14.475248,15.085013,16.744659,14.356059,15.096626,14.863357,15.785831,17.492078,14.371374,14.310982,14.328915,14.417578,14.289504,14.324453,14.335304,14.329769,14.334618,14.325565,14.311539,14.353228,14.291569,14.304443,14.822229,16.194506,14.784682,15.35221,16.31137,16.814697,16.846138,16.856763,16.742934,16.746489,16.840211,16.813334,16.803961,16.863073,16.865641,16.840114,16.759229,24.83884,27.629861,26.903921,14.791302,14.726521,14.951364,15.671749,16.377203,16.939054,16.825055,16.880053,16.780229,16.762514,16.79937,16.798778,16.894799,16.881829,17.040946,16.904832,16.985273,24.954862,27.457591,26.883422,14.427415,14.433962,16.479597,15.176256,18.955567,16.7956,16.845999,16.861425,16.787583,16.791724,16.775253,16.788597,16.81327,16.785452,16.901495,16.860507,16.7787,24.716878,27.285686,26.078931
1,18.394771,15.832431,15.576368,15.63067,15.771644,15.79526,15.911171,15.215869,15.042012,14.866768,14.899966,14.906541,14.920749,15.087868,15.130675,15.115,15.044002,15.28928,15.368887,15.08352,17.001005,15.743419,14.289852,14.332681,14.347787,14.341718,14.286833,14.824379,15.118678,15.38233,15.563246,15.613189,15.700031,15.833588,15.2022,14.547898,14.720163,14.945634,15.126931,15.924247,22.779247,15.719114,15.690719,15.686774,15.762668,15.985915,15.817163,16.485303,16.39405,15.494818,15.601729,15.587675,15.624233,16.779702,14.550198,14.750805,14.902884,15.054815,14.296553,15.139127,19.653595,14.514986,15.98729,14.270955,14.347133,14.353768,14.309874,14.365219,14.298406,14.32892,15.888148,15.97945,14.462119,14.335912,14.368008,14.29155,15.130909,14.33721,15.491254,14.320584,21.295306,14.819799,14.755782,17.436718,15.583517,15.603526,15.555697,15.563816,14.860677,14.852945,14.915642,14.909503,14.907739,15.013852,15.078909,15.154908,15.087008,15.13886,15.275379,14.800854,17.048685,15.763203,14.399993,15.082496,15.185149,14.437102,14.299698,14.441233,14.332737,14.309378,15.200927,15.230517,15.17686,15.067468,15.039538,14.914317,14.280922,15.660594,14.294499,15.027992,19.77199,16.478828,14.755176,15.159384,15.716556,15.575685,15.489888,15.498305,15.008077,15.191605,15.257521,15.080185,14.942102,15.023082,14.963702,15.017043,15.609784,15.807933,15.36,14.37493,14.730528,24.36808,27.354648,27.18471,27.471103,27.213805,22.278865,22.232338,22.272041,22.224962,22.289269,22.191029,22.258274,22.474284,22.479679,22.313912,22.323902,25.175118,24.235587,22.647667,15.299962,28.448387,31.517385,27.220231,27.460506,25.243923,22.22168,22.205182,22.199611,22.261623,22.262283,22.268994,22.263715,22.413029,22.290232,22.203671,22.29099,22.401793,22.301805,22.336403,14.445772,28.578832,31.545962,27.18703,27.23444,24.512906,22.207501,22.267362,22.198934,22.312299,22.292226,22.272966,22.289518,22.420233,22.319667,22.297954,22.332989,26.789903,22.642262,22.393543
1,14.915747,14.363589,14.759783,14.585275,14.995985,15.47528,16.160116,14.46161,14.75201,14.53172,14.492119,14.384623,14.359312,14.453703,14.45962,14.310009,14.312228,14.327322,14.298046,14.310473,15.222895,15.37188,15.426134,14.332532,14.311712,14.363608,14.299385,14.329162,14.29589,14.339072,14.314294,14.340099,14.328398,14.324485,14.412471,14.291801,14.32509,14.307216,14.331566,14.300851,16.699907,14.328378,14.360352,14.696759,15.4347,15.644206,14.594739,15.076034,16.052717,15.742421,15.682714,16.869287,14.777827,14.832145,14.751661,14.613468,14.513976,14.542377,14.48131,14.352482,16.537173,16.059244,15.479357,15.635191,15.250033,14.547155,14.269317,15.312784,15.064441,14.527434,14.353601,14.32102,14.302084,14.290448,14.873786,14.292989,14.419803,15.10712,14.330618,14.399739,16.175509,14.570537,14.34894,14.707344,14.419086,15.806968,15.468857,16.186964,16.471871,15.715026,15.77737,15.201474,14.77141,14.838344,14.770847,14.612002,14.486501,14.518301,14.498612,14.579718,16.420679,15.986485,14.704246,15.481522,14.29237,15.786454,14.314742,14.393353,14.381375,14.29421,14.387986,14.324797,14.359559,14.342741,14.818866,14.593187,14.541807,14.316885,14.30288,14.843404,16.493598,18.216553,14.295721,14.324683,15.603244,15.586666,14.327864,14.290277,14.457258,14.371369,14.34208,14.339407,14.29867,14.421018,14.361728,14.537282,14.556126,15.191614,14.358218,14.331787,14.553695,14.33861,14.55323,14.554835,14.421357,14.629346,15.710342,16.356382,16.316903,16.316187,16.271874,16.348795,16.298315,16.325667,16.254723,16.331552,16.179086,16.208276,16.192065,16.199021,14.574388,14.779366,14.520033,14.557206,14.433811,14.837645,16.195892,16.349069,16.17793,16.272813,16.36893,16.250783,16.167183,16.245107,16.283397,16.258989,16.307333,16.236478,16.313267,16.249989,14.458519,14.332922,14.573912,14.352398,14.492471,14.984871,15.919397,16.180078,16.175907,16.237448,16.179142,16.153028,16.145623,16.20538,16.229034,16.247926,16.229893,16.236541,16.280341,16.171805
1,17.144408,17.231242,15.921746,15.636515,14.332805,14.392899,14.401514,14.394367,14.434359,14.31498,14.607306,14.692857,14.56404,27.992063,22.589212,20.687481,17.983755,16.695772,15.347396,14.6565,15.383404,16.065998,15.065972,15.281086,14.780308,14.309311,14.35339,15.854889,14.450728,14.449043,14.353724,14.842353,14.986081,30.599452,21.586245,16.190958,17.022989,17.170236,15.328643,14.466478,15.377942,14.453467,14.313149,14.299225,14.335261,14.379156,14.349472,14.310516,14.316027,14.329056,14.322745,14.310844,14.944516,21.852343,30.925634,18.52026,17.011446,15.722619,14.915308,14.38262,15.383105,14.51294,17.562457,14.41777,14.352103,14.356581,14.29128,14.320957,14.300184,14.324871,15.978111,14.677413,14.377611,24.080378,25.021736,17.484896,19.263905,15.815862,15.010652,14.368225,16.888984,16.323567,14.437566,14.364223,14.354598,14.36923,14.462169,14.648335,14.638962,14.655488,14.853509,14.784642,14.895546,28.149532,24.297327,19.778549,18.227486,15.381748,14.560231,14.95305,15.422041,14.447901,15.930302,14.306489,14.403605,14.379853,14.483218,14.672964,14.655774,14.66342,14.854403,14.779431,14.899392,28.30859,25.588489,17.392407,16.617139,15.701774,14.673371,14.333958,17.113985,15.467714,16.332292,15.12401,14.403981,14.416837,14.403294,14.392657,14.369681,14.359998,14.64171,14.685449,14.562537,31.402942,21.267234,18.366256,16.044578,15.357673,14.754857,15.18745,14.667197,14.58817,14.524363,14.589603,14.461635,14.658376,14.987785,15.81175,16.373271,16.486927,16.73098,17.65611,17.748079,17.544049,17.496901,17.732832,17.84123,17.547651,17.872065,17.512729,14.574102,14.922194,14.721398,14.563685,14.66405,14.780059,15.00653,15.790967,16.246616,16.139778,16.772071,17.712783,17.608882,17.579931,17.678904,17.604222,17.784981,17.670588,17.774277,17.608185,14.999922,14.460787,14.485347,15.985625,14.542608,14.539757,15.006204,15.740556,16.237229,16.347812,16.810737,17.41314,17.71831,17.547208,17.591692,17.74695,17.641494,17.623088,17.758006,17.592725
1,16.433584,15.99552,14.313446,15.135524,14.317011,15.211839,17.235264,14.371082,14.423413,14.899434,15.295754,15.687204,15.233546,14.527078,15.584848,15.562891,15.437479,15.639005,14.412612,15.642279,16.64137,15.984399,14.937037,14.365895,14.416863,16.575208,15.7592,15.826904,15.714999,15.747895,15.674819,15.238053,14.918365,15.461158,15.713314,15.590976,15.616019,15.398804,15.328987,15.309578,16.643702,16.20197,14.318987,14.420486,15.623435,14.347778,15.770702,15.878975,15.667216,14.241741,15.275729,14.517934,15.219909,15.643618,17.278351,14.350385,14.349345,15.673987,15.134464,14.56449,16.569534,14.642903,14.785994,15.401439,15.669338,14.333764,15.849925,15.846669,15.666256,14.854274,14.339574,15.627254,14.360323,15.666292,15.590976,15.584875,15.552837,14.323193,15.111142,15.601352,17.879699,14.495443,17.620069,17.151927,15.09595,15.655342,15.68295,15.681362,15.673672,15.718081,15.718495,14.439061,15.162479,15.361681,15.425846,15.280584,15.379244,15.435464,15.513661,15.537372,17.419873,15.282375,15.700448,15.548366,15.611552,15.918078,15.811191,15.935366,15.637648,15.856751,15.752998,15.773238,15.163643,15.212992,15.411776,15.375025,15.238399,15.381062,15.482789,15.659913,17.419909,16.897694,14.455837,15.526125,15.521674,15.691039,15.817217,15.934924,15.639126,15.843459,15.69342,15.843641,15.544623,15.544571,15.59471,15.574405,15.690479,15.482539,15.434304,14.909002,17.730845,14.471301,14.458332,14.557233,14.575067,14.414212,14.526551,14.593077,14.630516,14.654962,14.828372,15.020492,15.317427,15.460362,15.54352,15.867955,15.969096,16.065496,16.303343,16.665433,16.052295,14.500613,14.445579,14.325397,14.460538,14.522963,14.562495,14.720303,14.656357,14.695094,15.068448,15.242805,15.61847,15.637211,15.779192,16.002935,16.0079,16.29081,16.378204,16.665351,14.39097,14.342898,14.412651,14.509943,14.538251,14.543734,14.470226,14.604686,14.549902,14.758531,14.651281,14.854495,14.822817,14.624438,14.708249,14.89657,14.886009,14.897138,14.815121,14.74838
1,19.309748,15.208284,15.656978,15.06653,16.503871,15.33932,16.76972,15.029809,16.9077,15.661095,15.801333,15.253566,15.227521,15.406444,14.443399,15.248265,14.364384,14.296259,14.264624,14.524702,17.915959,14.317873,14.330323,15.8928,14.385941,15.059093,14.314934,14.321259,16.531696,14.307187,14.289892,14.411942,14.283712,14.314939,14.326504,14.305614,14.340599,14.401168,14.296482,14.306894,14.990692,17.291286,14.319723,14.384589,14.320222,14.961766,14.300575,16.051015,14.306277,14.447974,14.482398,14.391814,14.3458,14.416446,14.424001,17.47333,14.543816,15.964732,14.292936,16.128233,17.468635,16.422177,15.405984,16.809493,15.639068,16.802225,15.106077,16.811772,15.034217,15.865133,15.892158,16.594034,14.310497,14.656937,14.975798,15.239869,14.897541,15.052602,14.62073,14.448241,16.560795,14.344012,14.486083,14.333358,14.353916,14.498616,14.297615,14.295798,14.28501,14.272169,15.367257,15.339822,15.155984,14.272156,15.543357,15.227827,16.480642,17.06753,15.221029,14.648771,14.964069,14.478443,14.331893,14.4667,15.15802,15.038275,15.695857,14.790303,14.844275,14.344252,14.343408,14.440863,14.344241,15.906975,15.241828,17.348555,15.112618,14.429446,14.29986,14.41424,16.832519,15.726571,14.288522,15.065599,16.112695,14.562454,17.101647,14.846789,15.382162,15.461062,15.211041,15.113349,15.356301,15.917686,15.774292,15.952435,15.971631,15.156934,14.523345,14.386899,14.421846,14.420039,14.32862,14.38493,14.421332,14.38647,14.420895,14.417906,14.436081,14.364544,14.459852,14.50006,14.485611,14.797224,15.469956,16.738329,17.011454,16.995239,16.920326,16.910206,14.53626,14.528865,14.609167,14.495057,14.431063,14.475646,14.305491,14.510465,14.448727,14.439288,14.616555,14.600428,14.409365,14.976871,15.612553,17.070479,17.012306,16.973052,16.949584,17.002782,14.560895,14.574457,14.578199,14.556977,14.501289,14.34422,14.456561,14.399884,14.482963,14.347047,14.451757,14.50904,14.457609,14.968794,15.668165,16.721781,16.809674,16.794579,16.85438,16.979408
1,15.070337,16.019967,14.794812,30.539253,20.906334,15.305059,14.668166,14.50603,14.464178,14.530041,14.575916,14.617677,14.440008,14.458767,14.515619,14.421531,14.46139,14.39392,14.32821,14.353948,16.01551,16.103448,15.734083,33.321885,19.49286,15.032054,14.503163,14.469277,14.450146,15.870061,14.495073,14.435312,15.8831,14.461424,15.706865,14.444495,14.59183,14.320957,14.349273,14.411435,17.683505,15.056775,15.391159,32.683799,17.284139,15.449522,14.516487,14.528743,14.551996,14.560683,14.456748,15.969347,14.468421,14.547997,14.547328,14.490574,14.503417,14.361614,14.309892,15.416611,15.008529,14.362393,14.679102,28.111543,22.334375,16.874755,14.651646,14.542929,14.600981,15.320005,15.049926,14.457384,15.366768,15.324491,15.312692,14.90709,15.207846,14.333875,14.305876,14.386922,16.347725,15.471332,14.350352,30.49387,20.761097,15.374343,14.619747,14.476135,14.489552,14.48483,16.140475,15.867187,16.156599,14.781298,14.481859,14.464749,14.454581,14.337668,14.33104,14.487588,16.393336,15.554117,15.144106,28.335301,18.683287,15.665557,14.688587,14.515491,14.477551,14.477575,14.510691,14.530408,14.491884,14.489149,14.474482,14.478179,14.455858,14.333236,14.308758,14.336423,16.190298,14.397801,14.46003,24.665657,20.953448,15.852048,14.741983,14.465569,14.463934,14.513844,14.555511,14.452222,14.426617,14.493893,14.495742,14.504091,15.324341,14.381601,14.312676,14.270926,14.591645,14.669053,26.584508,29.417018,29.417745,27.502369,27.533837,25.896852,22.214479,22.257799,22.200158,22.26646,22.248547,22.24949,22.277476,22.263868,22.234453,22.253927,22.235092,22.127322,14.493698,14.481112,24.345804,27.598142,27.808583,27.352686,27.443011,27.295561,22.230729,22.390862,22.361135,22.477662,22.439865,22.467201,22.461945,22.353679,22.733844,22.348016,22.413427,22.283993,15.195443,14.390801,26.352194,29.321745,29.344885,27.414426,27.337712,25.414339,22.328223,22.324948,22.297896,22.301191,22.33766,22.213857,22.281178,22.374299,22.382204,22.343943,22.284254,22.195003
1,16.978926,14.301665,14.447911,14.346192,14.341284,14.329388,14.350072,14.329724,14.38554,14.32619,14.362262,14.2997,14.297825,15.350102,14.273749,14.27967,16.791874,15.914546,14.364499,14.623486,17.908935,15.262985,14.286252,15.109698,15.111851,14.992522,14.447731,14.419716,14.598906,14.368747,14.491976,14.540045,14.58123,14.393999,14.409584,14.35994,14.341876,14.277245,14.335607,14.297982,15.605754,17.896847,15.111382,16.342685,15.652201,15.589757,15.610834,15.534406,15.677484,15.498773,14.212771,15.383545,14.417097,14.308113,14.322429,14.294498,14.276862,14.292313,14.373369,14.439297,17.314527,14.296952,16.438047,15.02713,14.893196,14.311747,14.310068,14.353259,14.306033,14.312818,14.358091,14.35492,14.289479,14.345469,14.84369,15.215732,15.081653,14.327606,17.563855,15.2336,16.867892,15.503037,14.295841,14.299372,14.335291,14.347341,14.434841,14.414415,14.28518,14.244835,14.389287,14.441194,14.346947,14.996166,15.114264,14.809271,14.333717,14.362672,14.312107,14.396584,15.800118,14.466719,14.354004,14.403462,14.340428,14.325165,14.313626,14.315222,14.306511,14.287002,14.304299,15.650116,14.414033,17.586955,14.292997,14.482995,16.93121,15.221511,15.238094,14.671387,18.706869,14.295357,15.384039,14.425666,14.28652,15.016437,15.530759,15.425384,15.774797,15.429126,15.738549,15.554575,15.178106,16.260726,15.538139,15.800983,15.473926,15.364089,15.502611,15.201998,14.561396,14.66109,14.886325,14.980741,15.986876,17.038782,18.579035,18.603461,18.629644,18.649181,18.770041,18.648728,18.686782,18.705362,18.731346,18.669544,18.711828,25.241721,27.362638,23.31872,14.655458,14.53367,15.931509,14.729202,15.825472,17.548169,18.660925,18.792548,18.670646,18.736792,18.734785,18.746883,18.732634,18.818242,18.780085,18.807055,18.876625,25.548675,27.356834,23.28162,14.391322,14.476473,14.620895,14.614027,15.579356,20.28338,18.732385,18.82842,18.725371,18.744765,18.839603,18.751031,18.74566,18.804282,18.803276,18.816887,18.833359,25.536889,27.83323,23.069913
1,16.257631,14.408811,15.052192,24.796743,19.877451,15.527071,16.002562,14.38326,14.388181,14.390924,15.28712,16.925075,14.897396,14.634722,14.591794,14.588864,14.378414,14.341052,14.375683,14.788649,17.847645,17.733494,15.250447,33.593932,17.376198,15.433635,15.292697,15.15967,14.92668,14.288695,14.253117,14.328587,14.300547,14.333983,14.57521,14.440297,14.31015,14.355122,14.435241,14.325106,17.720562,14.522258,14.473481,24.137108,19.301804,15.554044,14.542051,14.534226,14.429006,14.48205,14.273367,14.536823,14.324728,14.327569,14.315342,14.38695,14.340581,14.37967,14.328268,14.345205,15.999571,14.631751,15.47793,28.724281,17.239984,14.949211,14.349047,14.355179,14.464861,14.470042,14.301923,14.392502,14.345467,14.353529,14.620114,14.48823,14.423741,14.314573,14.305292,14.507609,16.37366,17.696812,14.478113,24.298175,18.689712,15.540249,14.449868,14.267325,14.480648,15.126169,14.320054,14.296773,14.889987,14.909087,14.679677,14.60517,14.329051,14.379035,14.588976,14.469497,16.335205,16.056215,16.109466,24.393046,20.517363,15.16937,14.381146,14.32695,14.339277,14.415581,14.361892,15.381063,15.220654,15.356776,14.337463,14.301016,17.390708,15.669279,15.654925,14.381698,15.417859,15.349409,15.609903,28.259639,18.652159,15.659326,15.083607,15.335993,15.20808,15.236196,15.315929,15.196941,15.593509,16.803045,14.54957,15.130968,15.680238,15.735025,15.746096,15.63283,14.616602,14.626381,14.702658,15.162044,15.293591,16.044357,16.650001,17.6945,17.808917,17.767515,17.695344,17.70267,17.516779,20.713122,27.565613,27.820874,27.398563,27.479167,23.137062,22.373641,15.877487,14.66253,16.298522,14.941368,15.557694,16.153256,16.906565,17.533781,17.779178,17.9298,17.706913,17.819989,17.608802,25.021287,27.417697,27.299066,27.278166,25.876312,22.208454,22.14796,14.55718,14.488885,14.793997,15.067076,15.554601,16.144032,17.07338,17.71686,17.81999,17.809983,17.762136,17.889467,17.616217,25.114836,27.744521,27.539912,27.542767,26.065616,27.530966,22.629404
1,15.192899,15.72518,17.244396,15.331428,15.408163,14.48553,14.317391,14.469995,14.486978,14.319682,14.281664,14.585139,15.787757,15.760021,16.401976,15.115155,27.218881,17.671922,15.790954,15.323757,17.397974,15.474573,14.93244,14.917196,15.630576,16.344766,17.106427,16.475231,16.27331,16.489309,18.07346,15.6579,15.357059,14.459082,14.293724,26.067685,19.106456,16.284071,15.503815,15.372081,19.48742,15.695495,16.921233,14.62971,14.894109,15.391017,15.932792,16.448038,16.399091,16.015788,16.053764,16.301336,15.63903,14.758437,14.356967,26.860038,18.248388,16.133267,15.513836,15.441561,19.537169,15.645331,15.127461,14.629205,14.901899,15.789078,16.806869,16.682079,16.621398,17.127308,16.535632,16.366509,15.844692,15.522143,17.100802,28.5818,16.883372,15.767954,15.370958,15.757007,16.430881,15.282621,14.385187,14.675368,14.332516,14.312763,14.465251,14.454865,14.308408,14.337333,15.982718,15.775242,18.404912,15.028238,14.922305,14.396493,26.753233,18.746022,15.86579,15.337439,16.535801,14.385755,15.670746,14.325734,14.35871,14.331236,14.320413,16.08543,14.478555,14.270623,14.458741,18.390661,16.010821,15.533942,15.703008,15.869691,31.910801,16.552173,15.473034,15.402357,15.504225,14.791932,15.752146,17.165857,16.441916,15.638873,16.021386,16.425183,16.644696,16.532195,15.890083,14.4221,14.31385,14.377393,14.367511,18.2599,21.411052,16.854486,15.714952,15.366987,15.637404,15.374998,15.606255,15.455676,15.979924,16.485973,16.896715,17.228498,17.552433,28.287938,27.15434,28.236659,28.600987,26.961864,22.499056,22.280279,26.33238,28.272573,22.430643,22.386023,15.875052,15.285035,15.373467,15.457657,15.736907,16.329334,19.669602,17.034047,17.438503,24.704077,29.849004,27.193211,27.372272,27.694137,22.396319,22.251645,27.986027,26.933779,22.159271,22.381063,15.480815,15.423642,15.583739,15.614931,16.219529,16.769081,16.96092,17.064519,17.100931,27.963488,29.763289,28.173228,28.441958,26.39719,22.316832,22.319507,28.052263,26.376599,22.279532,22.436758
1,15.556802,17.961743,14.364179,15.075021,15.279137,15.125885,14.321204,14.30099,14.306683,14.277831,14.35521,14.237736,14.350649,14.325838,14.269526,14.278807,14.377026,14.306322,14.333113,14.760232,15.131717,16.201527,14.316234,15.830347,14.483779,14.292788,15.862582,15.943398,15.979466,14.416235,14.41303,14.318474,14.385845,14.31501,14.252316,14.390978,14.30656,14.432636,14.290803,14.403345,15.107968,14.482431,15.122815,15.03486,14.371953,14.315405,14.349336,14.378733,14.310988,14.333412,14.340296,14.297057,14.304903,14.461953,14.447098,14.299249,14.361099,14.494838,14.314854,14.291759,17.382286,14.454141,14.825349,14.81814,15.156856,15.061396,18.16383,14.431322,14.344966,14.325406,14.318747,14.449531,15.494157,14.430685,14.274382,14.490835,14.275587,14.345379,14.333117,14.324599,16.332929,14.547407,14.436956,14.282805,15.888354,14.447173,15.102104,15.162321,14.671222,14.429144,14.422567,14.444347,15.199298,14.618536,14.298482,14.269307,14.282606,14.262417,14.3802,14.28846,15.063624,14.574484,15.98015,14.672111,14.706152,14.294972,14.2906,14.318948,14.329722,14.331057,14.311911,14.307942,14.406765,14.435907,14.372851,14.350752,14.366138,14.345923,14.336874,14.345296,16.506228,16.03094,17.379277,14.242553,14.362013,14.452464,14.490815,14.362645,14.296975,14.283222,14.297488,14.297104,14.323561,14.424184,14.349672,14.347847,14.397239,14.295172,14.374897,14.320582,14.440546,14.739537,15.006183,16.416469,17.630773,17.698713,17.673005,17.745202,17.728892,17.841894,17.741393,17.599183,17.747665,25.22034,27.292287,27.27134,27.480108,27.39937,27.284398,27.299223,14.491398,16.010545,14.844282,16.390337,17.488068,17.585511,17.574842,17.562427,17.603013,17.70599,17.714971,17.616105,17.568672,24.871227,27.255497,27.271163,27.48218,27.405393,27.318007,27.252927,14.582272,14.499043,15.423745,16.561532,17.484515,17.708494,17.629977,17.666603,17.655432,17.926915,17.971419,17.603719,17.89117,25.00074,27.349718,27.235962,27.508939,27.47238,27.308952,27.925557
1,19.520086,16.620235,16.4781,16.588785,16.559809,16.504057,16.507394,16.504866,16.390149,15.337497,15.346325,15.279031,15.208227,15.222463,15.306802,15.207363,15.233626,15.218494,15.217163,15.36351,24.495916,16.587614,18.325414,16.748227,16.733596,18.450558,16.590567,16.593135,15.562194,15.309089,15.252051,15.23038,15.257692,15.235209,15.206206,15.198645,15.246196,15.241358,15.189318,15.274132,19.548882,19.171709,16.49692,16.495841,16.573197,16.525566,16.499762,16.675793,16.25045,15.254544,15.251811,15.45425,15.254352,15.309473,15.341585,15.224929,15.205119,15.223227,15.273182,15.587768,18.700879,17.147277,16.557598,16.574754,16.599668,16.717738,16.703788,16.676556,16.563549,15.542672,15.654596,18.789328,17.004236,17.966713,16.222904,17.614775,16.304388,15.803711,17.610682,15.3769,16.935008,16.551669,16.478929,16.55733,16.614065,16.511558,16.591649,16.622486,16.547394,15.475615,15.311328,15.229105,15.229895,15.263935,15.288248,15.194094,15.248222,15.179612,15.323596,15.162127,18.285462,18.0859,17.95572,16.986147,16.739518,18.001042,17.195875,16.592218,15.848774,15.222096,15.251269,15.339106,15.356487,16.196699,16.261793,15.846963,17.2186,15.93747,16.416278,16.610933,21.684808,17.142421,16.571717,16.541498,16.61418,16.696492,16.698488,16.681706,15.971059,15.4789,15.638409,16.127145,16.975148,16.222856,17.675333,16.05274,17.282811,18.634681,15.435514,15.274134,16.003125,24.640633,32.945608,32.499468,27.225361,33.142906,31.766759,27.361276,31.391314,33.56773,35.343598,18.967827,17.972077,18.059749,18.086073,18.497293,18.525827,18.453257,18.501976,18.676741,15.507198,24.760859,32.760413,27.422166,32.221171,33.113293,27.316379,33.498019,31.470458,27.461793,31.068492,21.991004,17.688771,16.911282,16.845205,17.104336,17.077853,16.849286,17.022265,16.826021,15.314099,24.392742,27.324702,32.560336,32.146893,27.425472,31.82256,33.48629,27.292031,33.726404,30.095465,22.357643,18.652313,18.225539,18.362897,18.467767,18.437383,18.605361,18.587881,18.977997
1,16.459742,14.430411,14.333868,14.332869,14.318941,14.423675,14.409895,14.444441,14.429704,14.303548,14.402472,14.397173,14.346194,14.515335,14.582717,17.019851,14.89029,14.630164,14.642894,14.700836,15.71792,14.726089,15.132442,15.555847,15.346494,15.22738,14.858512,14.54751,14.615993,14.732345,14.738928,14.934402,14.952544,14.96682,14.957525,15.03109,15.016141,14.998807,15.036107,14.70161,18.052932,15.494336,15.475659,15.332361,15.358913,15.454535,14.369561,14.487373,14.527286,14.618625,14.581944,14.576668,14.493871,14.589955,14.696413,14.714726,14.727172,14.655969,14.829587,15.005194,16.483543,15.960222,14.353938,14.452932,14.507455,14.330185,14.354186,14.554767,14.652623,14.73429,14.742755,14.945201,14.94098,14.968992,15.008518,15.012135,15.048969,15.0123,15.085977,15.102077,15.049027,14.509525,14.340508,14.815386,14.311175,14.32008,14.387552,14.417948,14.536529,14.545554,14.606946,14.595472,14.530649,14.486943,14.505889,14.718781,14.728777,14.763948,14.661237,14.772649,16.602681,14.273105,14.778135,15.917891,14.333498,14.321938,14.301719,14.325657,14.308963,14.360808,14.418092,14.338939,14.460717,14.472183,14.511752,15.057429,16.957902,14.636079,14.635824,14.364809,16.152273,16.01607,15.040144,14.37546,14.356769,14.31259,14.29843,14.308729,15.853172,14.33633,14.287484,14.319611,14.332387,14.345145,14.345803,14.321033,14.31298,14.359939,14.337004,14.402264,14.573693,14.54888,24.370672,27.946942,27.936693,27.883702,27.786666,27.948659,27.9366,27.91976,27.933109,27.923072,27.959527,27.98326,27.923541,27.927206,27.936773,27.942288,27.96318,27.945785,14.444038,14.564261,24.330376,27.348239,27.826492,27.824295,27.841347,27.951792,27.939319,27.923312,27.932579,27.926693,27.96162,27.981015,27.926629,27.925038,27.940305,27.944204,27.967425,27.944001,14.375254,14.492539,24.66763,27.598272,27.441887,27.445812,27.323104,27.800635,27.936391,27.917038,27.936419,27.921629,27.958281,27.978843,27.921944,27.922796,27.936277,27.946633,27.965056,27.942343
1,20.563621,14.312978,14.28265,14.396437,14.347365,14.345031,14.297856,14.322904,14.463206,14.369026,14.316028,14.500631,14.325262,14.456377,14.31297,14.338832,14.312777,14.309469,14.31391,15.69207,19.453335,14.922956,14.864241,14.83757,14.88365,15.178104,15.378599,17.105514,15.865384,16.473917,15.768077,15.627212,16.578306,15.54683,15.404957,15.447217,15.827913,15.252747,15.069058,14.344953,21.270804,14.959241,14.783999,14.840158,14.894074,15.169054,15.375541,15.153949,15.694855,15.029004,14.713741,14.334048,14.28383,14.362715,14.369971,14.332236,14.296543,15.303243,15.371721,14.372735,17.966079,19.327093,14.350538,14.422256,14.314751,14.382355,15.014312,14.313495,15.734999,14.35391,14.437192,14.346095,14.672857,15.702335,15.66243,15.496134,15.497517,14.441232,15.034497,14.929844,17.947043,17.744743,14.583669,14.390797,14.25594,14.34399,14.378874,14.621421,14.530333,14.343038,14.283761,14.305482,14.283431,14.28072,14.869014,15.130445,15.191412,14.430107,14.376126,14.443198,17.946931,14.422974,14.306706,14.409985,14.351205,14.326898,14.332513,14.344871,14.332428,14.384264,14.288095,14.308541,14.393819,14.336033,14.333591,14.310684,14.323942,14.305852,14.67104,16.304893,17.92252,15.996241,14.348494,14.276116,14.417012,14.302511,15.012891,15.320906,18.300526,15.066401,15.50198,16.064335,15.439248,15.072054,15.012832,15.193588,15.068621,15.044195,15.398923,14.535883,14.409751,14.314204,14.573223,14.50347,14.553573,15.195384,16.007718,16.728115,17.40101,18.515902,19.898315,20.347731,20.411657,20.508164,20.500965,25.653202,27.622577,23.564927,22.542834,22.564003,14.696411,14.594168,14.793662,14.579037,14.945702,15.085191,15.952827,16.607102,17.462981,18.814024,20.182947,20.363857,20.265397,20.295034,20.107936,25.55608,27.427961,23.443441,22.502303,22.923435,14.37072,14.449069,14.492695,14.460721,14.704398,15.163406,15.897266,16.635475,17.416483,18.907779,20.294691,20.162233,20.17565,20.131789,20.115299,25.509137,27.136609,23.232253,22.418309,22.528687
1,16.37986,14.515868,14.414794,14.223713,14.313079,14.294075,14.292998,14.324317,14.369426,14.369777,14.391827,14.331298,14.394072,14.312181,14.358563,14.299183,14.364264,14.307138,14.338201,14.326159,16.485963,14.654432,14.695762,15.391555,17.223353,15.595168,15.592714,15.624413,15.800315,16.88272,14.65167,16.810625,15.145179,14.4055,14.356442,14.351265,14.315995,14.310114,14.376976,14.395044,17.354832,14.265663,14.52953,14.297844,14.403873,14.557525,14.401365,14.319132,14.348174,14.330886,14.434814,14.349181,14.261146,14.313076,14.337947,14.359868,14.293041,14.299415,14.29865,14.348502,18.085435,14.596084,14.683841,15.379014,14.985423,15.551496,15.66106,15.963761,15.891757,15.089052,14.655832,14.649117,14.336841,14.331187,14.293279,14.285992,14.290581,14.336414,14.32656,14.94714,19.015188,14.46109,14.367161,14.283691,14.287986,14.303643,14.31364,14.333569,14.364338,14.288634,14.411675,14.428877,14.460812,14.333123,15.908639,14.329003,14.304423,14.34037,14.329948,14.346667,17.841803,14.309289,15.986166,15.137048,15.853827,14.436026,14.39271,14.269677,14.29676,14.331136,14.267849,14.315713,15.18056,15.207768,14.433345,14.29499,14.426628,14.30714,14.306794,14.309577,17.477904,15.852171,14.307608,14.309053,14.31049,14.355653,14.391293,16.062072,14.305492,14.353662,14.3103,14.37751,14.342064,14.303404,14.300993,14.274774,14.260581,14.334893,14.271085,14.588897,15.113593,14.905281,14.741168,15.274019,16.371907,17.436077,17.578652,17.578206,17.575409,17.545846,17.728498,17.725255,21.681961,14.622521,14.663373,24.54397,27.827663,27.658776,27.623103,27.600766,14.678124,14.436048,14.796439,15.334004,16.481351,17.483892,17.690284,17.703809,17.540886,17.629953,17.835362,17.763189,21.339916,14.617462,14.726812,24.147063,34.891794,27.338001,27.333987,27.328443,14.513304,14.718387,14.729636,15.5543,16.662075,17.541526,17.610106,17.595042,17.538403,17.584483,17.588323,17.624967,19.625216,14.428198,14.653349,24.209051,27.264548,27.25008,27.288054,27.597633
1,15.388626,14.669921,16.51863,14.952845,14.882603,14.391776,14.328375,14.325079,14.861894,14.937132,14.567028,15.001815,14.713357,14.733458,14.399182,14.346664,14.328289,14.326155,14.373537,14.378304,15.036374,14.670656,17.54701,14.295034,14.313559,14.312971,14.291063,14.321823,14.278583,14.288485,14.453637,14.4195,14.3688,14.303253,15.714754,14.31775,14.322631,14.336096,14.384983,14.34378,16.74796,17.312673,14.994336,14.857439,14.926533,14.347694,14.376214,14.266268,14.782596,15.128114,14.429724,14.287318,14.325779,14.316857,14.394816,14.297823,14.343216,14.306488,14.305039,14.732435,15.74682,14.692437,14.343952,14.399102,14.323596,14.328002,14.330978,14.266458,14.255144,14.298912,14.264061,14.302957,14.307025,14.30304,14.345757,14.332668,14.274433,14.301659,14.332943,14.311595,16.770761,15.543664,14.965524,14.400709,15.289058,15.415714,15.099505,15.087529,15.254816,15.473483,14.856531,15.167435,15.787794,15.757455,14.945477,14.290428,14.302529,14.302978,14.336319,14.316278,14.898095,16.287745,14.331716,14.311551,14.511598,14.29652,14.437188,14.466708,14.43149,14.668199,14.466268,14.387495,14.314916,14.314393,14.328576,14.366504,14.336809,14.379656,14.334383,14.328853,16.418225,14.567404,14.654555,14.33237,16.160181,15.22944,15.18076,15.374466,15.615292,15.465657,16.854913,15.412455,15.119956,14.628834,14.337389,14.368212,14.337082,14.324637,14.331069,14.449545,14.525227,14.468702,14.628431,14.589966,14.499629,14.605137,14.460868,14.771388,15.658855,17.057779,18.474506,18.855646,18.916923,19.045214,18.816562,21.449003,27.343671,27.796291,27.268065,22.418696,14.566554,14.619908,14.459818,14.599362,14.681872,14.49435,14.635559,15.25422,16.45338,17.594425,18.789824,18.673531,19.10004,18.934675,19.001887,25.613585,27.527578,27.197274,25.461975,22.208157,14.40873,14.596013,14.565952,14.465931,14.626062,14.466098,14.477424,15.038215,16.084673,17.442958,18.417269,18.758208,18.74381,22.584126,18.635195,25.586721,27.479659,27.448071,24.55949,22.343493
1,15.228927,15.743724,14.316489,14.302618,14.366217,14.31153,14.366829,14.353637,14.264567,14.404146,14.377016,14.38408,14.298621,14.286159,16.644903,14.343156,14.981639,14.921063,14.887815,14.828603,17.100037,15.020486,14.526639,15.611199,15.674902,15.325772,14.33551,15.52824,14.443649,15.350103,15.293046,15.54119,14.364931,15.685337,15.313652,14.309275,15.173898,15.482617,15.442387,14.347346,15.26344,18.693476,14.301361,14.478414,15.778922,17.844444,14.594148,14.344429,14.567095,14.321802,14.351567,15.560493,15.411772,14.321036,15.262617,15.609868,15.10188,14.429727,14.288676,14.426622,16.758818,14.402279,15.644348,15.678253,14.348147,14.284704,14.333835,14.328242,14.328032,14.360174,14.284204,14.442498,14.316806,14.501853,14.321635,14.443982,15.124593,14.907991,15.027482,14.891382,17.100028,17.130372,14.315499,16.428768,14.325582,14.321617,14.325184,15.455593,14.635605,15.333524,15.309179,14.439164,15.349934,15.553716,14.34251,15.661399,14.28367,15.490044,15.461721,14.330443,15.308983,18.764848,14.558265,14.445029,14.400754,14.950706,14.964016,14.407754,14.662813,15.149602,15.017645,15.201152,14.993735,15.041423,15.009528,15.030041,14.977394,14.90639,15.009725,14.875427,15.215879,16.240179,15.639797,18.594667,14.392951,15.746838,15.114826,15.984909,15.298686,15.287477,15.282515,15.077879,15.081752,15.182318,14.890012,15.113482,14.863792,15.045979,14.871303,14.611483,14.409081,14.914591,14.735311,14.671496,15.620051,16.823202,17.521794,17.659655,17.57076,17.910996,17.805723,17.857925,17.894527,17.849196,17.805622,17.905719,17.885102,17.876855,17.789005,17.82852,14.476199,14.514042,14.420982,14.508695,15.635253,16.826841,20.571772,17.590932,17.508248,17.56597,17.875623,17.907871,17.927807,17.83368,17.831981,17.864581,17.799593,17.848026,17.92028,17.915141,14.673806,14.487713,14.549482,14.974001,16.162292,17.165873,17.891119,17.719333,17.831557,17.845081,17.889041,17.890928,17.877923,17.861554,17.85621,17.829865,17.816208,17.881155,17.819401,18.073255
1,26.723695,23.800801,16.023723,14.482358,14.361185,14.350331,14.337325,14.312184,14.316933,14.356787,14.314681,14.292156,14.340613,14.39552,14.286777,14.425751,14.29231,14.397519,14.408613,15.496874,25.039065,22.664903,17.25221,14.77597,14.333223,14.388976,14.362859,14.276864,14.286224,14.339627,14.286365,14.29656,14.354596,14.408786,14.303877,14.258881,14.300705,14.269572,14.360134,14.401033,32.034138,22.665977,15.28886,14.356865,14.275434,14.30631,14.315913,14.247357,14.303051,14.304115,14.316337,14.312702,14.331576,14.31541,14.318504,14.278459,14.251678,14.29614,14.313104,14.322614,25.279607,21.931715,16.617752,14.820688,14.350505,14.377829,14.377106,14.368287,14.370956,14.360996,14.357593,14.276937,14.346192,14.299726,14.330691,14.32016,14.306131,14.32701,14.339328,14.29723,30.815182,21.659928,15.739551,14.442909,14.57479,14.356545,14.312999,14.34005,14.352129,14.331873,14.30754,14.419457,14.363621,14.506102,14.434993,14.404893,14.272332,14.353732,14.361661,14.391423,30.451451,21.871689,16.831066,14.519207,14.331902,14.334729,14.329891,14.35611,14.283693,14.299173,14.312978,14.39138,14.356036,14.380202,14.285627,14.334973,14.344713,14.365396,14.354304,15.090111,24.599941,19.898503,17.225644,14.925121,14.287808,14.380066,14.339598,14.303772,14.268347,14.349841,14.314191,14.281104,14.272794,14.283499,14.304282,14.264747,14.274092,14.313412,14.320409,14.372252,14.468544,14.533815,14.502659,14.741488,15.117691,16.096731,16.893101,16.879246,17.45287,17.737843,17.884345,17.770851,17.685739,17.732832,17.720586,17.659583,17.840854,17.862219,17.901921,17.85344,15.253097,14.54402,14.538813,14.701166,15.319248,16.595153,17.20317,16.942803,17.758139,17.836515,17.897341,17.63598,17.953486,17.742545,17.697538,17.694744,17.971787,17.899334,17.88016,18.011499,15.05092,15.943206,14.526425,14.814424,15.377233,16.066627,16.988209,16.897171,17.443095,17.657324,17.567871,20.787697,17.534107,17.57292,17.587465,17.580528,17.778495,17.64833,17.688412,17.695738
1,16.062874,16.976853,15.254281,14.742351,14.939942,14.943392,14.975619,14.971488,14.773607,14.958196,15.178541,15.27737,15.334674,15.201953,15.292414,15.357569,14.968967,16.212835,15.211181,16.923662,18.826815,14.356737,14.297681,14.34523,14.378705,14.301168,14.386895,14.343486,14.332455,14.34467,14.34757,14.2955,14.293991,14.263592,14.304328,14.357814,14.324468,14.29933,14.318595,15.214894,14.437391,14.479761,14.49264,14.39785,14.322292,14.428794,14.30991,14.525841,14.377186,14.395217,14.30592,14.342009,14.328958,14.318248,14.311597,14.328757,14.331397,14.330121,14.315982,14.299252,15.392001,14.314959,14.346388,14.281445,14.312157,15.908488,14.334432,14.336806,14.323726,14.396178,14.412988,14.304223,14.377733,14.439142,14.26924,14.320832,14.332526,14.381583,14.321793,14.332353,16.980805,15.188206,16.956794,14.764091,14.912233,14.937286,15.024179,14.930615,14.764854,14.952129,15.057918,15.136439,15.109553,15.213929,15.14834,15.280279,16.120163,15.145614,15.277367,14.750784,15.793088,14.502079,14.385991,14.295667,14.308953,14.333483,14.326157,14.356117,14.343299,14.316705,14.423381,14.318312,14.303243,14.313224,14.28473,14.316281,14.312479,14.34133,14.295252,14.393227,18.853767,15.887176,14.282756,14.418406,14.351112,14.390239,14.329503,14.326555,14.314296,14.346062,14.314204,14.310552,14.312555,14.331181,14.361797,14.264708,14.330685,14.31952,14.247037,14.414353,15.112219,14.310086,16.520725,15.133082,15.724862,16.170693,16.778575,17.078051,16.782987,16.959277,17.193285,16.834838,16.739761,16.751744,16.752644,17.204351,16.987061,16.874621,16.730403,16.806516,14.569769,14.506584,14.750468,14.96045,15.726571,15.937574,16.483418,16.910718,16.869755,16.876503,17.188707,16.711509,16.709433,16.866386,16.717729,17.289207,16.887489,16.862627,16.733856,16.769089,14.534213,14.49293,16.428735,15.23216,15.573649,16.098586,16.637275,16.818337,17.062566,16.90873,16.856068,16.877811,16.822457,16.863858,16.840304,16.90431,16.978353,17.001208,16.933211,16.775821
