1,90.899067,104.904171,93.638292,96.314011,88.923343,100.400666,105.696738,97.817559,99.103723,95.574701,91.386642,103.447424,96.074935,102.210239,99.158782,95.214229,88.015889,97.800969,89.974191,103.707702,88.908573,99.498254,89.596118,104.109862,100.815567,99.168983,96.303793,109.920865,94.043227,96.240594,86.962216,94.385135,110.196691,96.439759,93.593726,99.288503,89.380016,94.938716,92.201099,103.465932,88.389712,99.473903,94.17744,106.43154,91.972364,100.565636,108.136884,104.076024,91.839282,100.491282,86.509647,96.953552,100.967438,101.460326,98.779759,92.98812,90.196023,100.342935,90.257256,106.553929,88.775064,95.538351,95.563531,96.978062,91.733587,97.559158,99.43535,98.111565,97.265094,97.096495,89.723939,92.008784,103.000604,101.932286,98.172866,96.70471,90.938837,98.846193,93.116995,97.202845,86.794386,100.623532,89.791354,104.618497,106.265097,97.16716,100.086336,94.957252,93.522428,101.257747,88.963182,101.693969,101.391732,93.704954,101.283295,93.308804,93.510046,98.852678,90.187065,101.345439,86.770186,107.431705,90.618942,96.981748,95.274366,103.233469,102.245033,102.190544,93.206028,95.855424,91.397545,94.635312,99.96393,98.049573,99.574922,98.259257,93.290834,94.753789,100.231844,99.20243,88.770817,95.453351,95.748829,104.973668,93.597071,102.839646,96.647599,98.687887,99.5784,99.236185,88.675512,109.113236,101.4185,93.629105,95.265103,93.416365,89.480652,99.700848,94.878917,97.189095,101.514036,99.257891,99.376935,99.283728,98.983084,99.101058,99.139049,99.145993,99.330989,99.106282,98.929818,99.132188,99.200292,95.108612,91.226108,95.751732,95.187513,99.406635,98.6609,99.280098,98.903499,99.070959,98.785158,99.174858,98.842425,99.086914,99.134654,99.105996,99.119541,98.860454,99.029422,99.119449,99.214785,91.968099,89.101519,91.87123,100.401434,107.692404,112.525723,92.109005,99.468354,98.19865,98.782616,99.1463,98.834731,99.105498,99.094285,99.122959,99.110058,98.86424,99.000295,99.121605,99.181397,92.02116,89.101321,91.871658,100.401418,107.692385,102.882138,96.279035
1,104.286433,99.303637,103.099251,100.294781,97.073974,93.142171,89.919729,92.040098,96.56676,94.048221,94.0145,95.213116,87.600657,97.342788,95.628198,94.137224,87.439711,87.327017,89.079185,89.595964,95.73581,97.794144,96.452122,98.2451,98.63104,98.635858,88.92421,93.323846,96.985005,94.816471,96.265204,97.49588,86.733624,94.814255,96.377704,97.444222,88.279652,88.154697,90.53742,89.736031,103.543571,97.71123,107.937102,104.776044,106.575107,88.073156,94.75873,94.209287,91.700567,95.089958,95.558092,93.121332,92.958577,93.935083,99.174783,92.443683,86.618744,88.852693,89.399168,92.035571,103.468152,113.002698,96.97573,105.877457,101.829782,87.083191,94.22491,94.272582,90.63557,92.010554,93.729468,92.537498,89.050641,95.285589,95.00442,95.932336,86.998531,86.4098,90.107027,88.534598,111.81311,103.625523,96.101584,98.546548,95.952046,93.195895,88.354593,91.266046,106.096586,94.481555,95.405375,91.362197,88.746318,103.124006,92.569707,90.619384,90.233223,87.245148,88.137183,90.466817,112.448698,96.036333,99.847591,107.149026,98.781781,93.431543,90.400282,97.344537,94.472597,93.568996,98.056502,92.05294,92.450957,95.634605,97.874581,95.722431,86.338848,87.09517,88.431564,91.306064,95.698405,98.361283,96.481488,97.638682,98.839408,98.458657,89.063284,93.301528,97.296137,94.232083,96.325427,96.002208,87.577079,97.061509,95.475251,105.993515,87.042391,87.069889,90.074853,94.406504,99.1736,99.036592,99.558229,100.447573,95.062525,93.465817,95.343795,98.479291,90.169567,104.297052,92.0872,103.450594,95.748139,100.695183,96.719017,101.028293,98.561114,89.371202,102.331609,100.150604,99.819941,101.470614,98.869162,98.835686,96.057915,92.210579,98.231742,95.133246,92.914052,102.314754,92.087455,95.452084,97.608068,101.300785,101.163189,95.250075,101.897318,91.766372,102.746486,98.474368,99.300964,101.173021,99.067435,99.850773,93.815875,88.906877,97.698418,95.837938,92.845017,109.351939,87.791078,95.151651,97.676894,98.654402,98.531181,102.869323,95.045427,93.499941,95.242214,99.916878
1,97.221422,90.697776,103.943791,87.889044,100.226717,97.894497,100.440335,88.551223,91.683745,88.39478,95.987889,98.408745,99.392017,98.271874,94.079483,89.662393,92.734014,98.291501,115.275692,103.85834,91.155136,93.354026,109.214945,91.197943,100.499485,95.623472,96.402918,88.407026,92.856047,92.317249,95.719619,97.896459,98.49915,97.728501,93.516068,88.982319,92.515656,101.609284,97.390915,97.563187,91.53807,92.936015,101.06552,90.156702,96.325673,97.22639,101.724412,90.438548,99.16589,87.268978,102.115299,104.957073,97.81023,97.055407,93.900607,88.077263,95.669522,107.795375,95.890244,97.431832,95.933447,89.507046,96.974772,90.460838,99.895337,96.428512,97.653633,89.295136,93.90334,89.153598,96.04061,98.754205,99.299576,97.934745,98.017008,88.893944,91.539382,97.037465,97.778092,98.343777,92.884,96.527013,97.592354,91.126651,95.820995,96.615954,96.414146,94.912968,107.643381,87.303903,95.488603,97.623368,99.877399,98.715305,93.623467,88.962805,91.135155,101.298842,96.972863,97.616334,96.201543,98.041228,97.964291,91.756699,104.575392,96.367028,96.212436,88.796521,95.713344,87.756723,99.992511,103.189885,99.214488,98.348918,94.232507,87.705962,90.730187,99.77984,105.325034,99.730801,95.983742,94.84261,99.869703,87.585111,104.380896,95.359635,92.440944,90.847468,91.864692,89.922196,99.636506,100.952734,99.065964,98.020207,93.478413,94.311686,92.584753,95.009547,96.832192,97.185117,100.003614,98.71146,99.074155,99.15789,99.025969,95.140252,91.612264,93.16051,94.549035,97.829355,98.911415,99.471383,99.767529,92.938245,95.484304,92.476512,107.264252,92.047471,95.822479,99.693378,97.970248,99.049574,99.199503,98.931594,98.989951,91.943189,89.529979,97.089194,93.125378,95.344188,98.937414,99.430439,99.76955,92.938824,95.484375,92.299107,99.532972,95.102733,95.552037,99.536419,101.994547,99.442486,98.738893,98.894251,98.402071,87.980074,88.263053,92.838459,94.197672,98.15356,98.946397,99.446951,99.777237,92.934147,95.483933,92.300266,99.492097,95.134685,95.588424,99.542471
1,93.072876,98.8209,99.148513,107.316541,97.77626,95.376002,97.505865,99.030088,97.809398,98.118427,96.368526,92.916626,97.913004,96.768831,98.379997,98.92658,97.670094,92.99066,91.04499,95.449082,98.54373,98.487554,99.363249,99.12139,98.488079,91.750194,98.896121,98.339429,98.544523,98.784172,98.999915,90.128879,98.662281,101.640946,103.299361,105.216642,99.863331,86.605484,84.894987,93.988087,102.060488,102.165843,102.955875,101.774372,93.028142,94.72045,101.143398,103.653018,100.585145,99.502343,94.134726,92.228876,103.445183,108.230056,99.016691,102.505768,99.234509,88.104875,93.785085,91.869217,92.562325,102.973063,103.998048,101.395719,98.703262,90.175723,103.369835,100.622693,102.92712,101.832604,95.64807,92.838542,106.600167,100.865925,112.323761,96.822786,94.127017,91.82176,92.568361,90.486878,93.09102,106.789844,98.895217,98.521488,98.732899,89.805308,98.877592,98.375046,106.790017,96.493822,97.589606,88.526483,96.899854,97.025944,98.088498,98.493373,97.725057,94.520973,91.43818,95.880392,92.880259,99.004314,99.316219,98.965357,99.155692,93.774152,98.657254,98.185545,98.690202,98.06014,99.204515,89.935134,96.860889,98.118606,99.529532,98.163764,98.818298,95.052378,91.316142,94.6234,98.819367,109.286852,97.537017,98.477639,93.692253,90.282482,98.010774,97.890382,113.11323,96.007453,93.721839,87.517731,104.399723,97.667687,98.24742,98.18484,97.904932,86.629919,89.918933,96.018238,90.702558,97.967261,99.519057,98.478391,99.924563,93.180636,89.357581,89.529264,95.868981,92.158006,99.68448,95.210428,91.257696,96.90113,96.407744,99.963586,95.597892,95.412209,89.712681,91.340253,91.247755,98.79992,99.261083,98.56767,98.80906,92.378088,90.087124,88.660517,95.846357,92.640916,99.524246,94.900107,94.453622,95.729216,94.619088,107.285169,92.557103,91.789803,90.219056,90.852274,95.21285,98.241229,98.859969,99.359721,98.198063,89.825401,88.527056,89.536298,95.875138,92.160458,107.651378,91.812346,89.225003,96.515701,94.279777,99.96754,95.598434,95.409168,89.790957,91.215314
1,92.78957,99.089094,98.191576,99.059735,88.505436,96.541754,98.99944,99.059263,95.735441,97.741183,99.466571,98.457347,93.943435,99.303504,97.232947,99.222399,96.12402,98.060395,98.575196,94.164081,103.092677,99.066775,99.667195,95.420182,90.35816,97.964817,99.484549,97.276994,98.764737,99.181775,99.70529,95.858342,95.958157,96.31381,96.114361,98.472727,99.041446,100.197323,96.180234,90.517091,110.151891,99.157289,99.089983,93.416948,88.667053,95.845239,98.735271,105.766869,97.103443,99.78931,97.667623,93.385568,94.961835,98.655611,96.977703,97.254212,101.202803,101.978133,92.970067,91.478418,95.236984,99.875949,98.685303,97.074779,89.069134,94.364003,97.901364,99.010735,97.581357,99.002099,99.90122,96.65568,93.375078,98.30356,98.207235,99.262535,104.089504,96.843525,93.581476,95.226737,98.562953,112.833616,101.153147,97.460398,88.261848,98.927415,106.211786,93.176395,99.748756,100.014022,102.940603,91.625987,99.719706,104.129194,107.99414,103.66157,97.488851,95.982985,87.654406,85.142708,98.991488,103.700291,109.229286,95.64515,88.373517,96.351876,102.809874,96.205081,97.204972,104.698687,104.30061,91.15788,99.779924,106.358356,99.572719,97.868684,98.176418,97.185819,89.384312,88.40518,118.799922,97.762241,96.813362,93.698449,87.776281,95.213898,98.237007,94.029296,98.767224,108.249282,99.050224,94.612021,95.656323,98.629846,96.734241,100.539246,99.889054,97.064984,92.998795,89.934685,92.052716,98.108625,98.950515,98.593428,100.369784,99.410808,93.352847,88.829899,97.206994,96.726155,100.179078,107.563007,100.879655,98.421848,97.049557,91.411052,89.696425,95.890842,95.114282,100.166554,93.319632,99.128074,98.333856,98.919378,99.919826,99.263567,91.485814,89.159069,96.977572,103.946136,99.667157,99.075897,99.26251,98.197909,98.962592,92.129882,90.304918,95.887189,102.434215,98.594441,94.405362,97.861001,99.363128,98.39268,97.647462,98.590327,88.803188,88.951636,96.854056,96.729179,100.170833,98.798349,97.911537,98.525532,98.915668,95.706049,90.313371,96.200507,98.755304,98.961802
1,100.44579,98.044844,97.024105,93.354927,99.518975,103.604188,102.321075,101.667975,101.250073,94.406536,98.879818,97.878105,103.435709,95.232902,94.707747,109.943718,95.983862,95.710171,92.842731,98.932122,116.678146,94.870011,93.006891,91.710451,95.038862,103.378572,94.064825,104.103486,100.693727,94.585673,93.798111,91.753384,101.897943,101.963369,93.537333,94.521981,96.088976,96.703933,94.678909,95.746959,109.236945,99.604281,94.00847,94.91611,101.233247,95.78873,95.467155,102.741968,102.60155,94.620998,96.141645,90.257821,101.563823,103.418881,95.544415,98.372501,96.993706,95.458333,94.88759,94.594552,95.986827,102.629944,98.167864,101.539848,104.18002,108.318249,99.137924,102.475398,92.065311,91.086555,99.700748,98.086712,102.840654,95.27991,92.735524,100.752181,99.381691,100.149076,92.432482,97.56561,99.34469,95.91121,105.419001,91.494428,99.582486,117.058602,100.11942,99.22289,99.311825,98.068441,91.484024,98.970529,101.355789,98.039216,90.83705,99.573949,99.276315,93.90222,96.598859,99.628551,96.02437,100.291946,104.14863,93.738411,94.028397,117.972116,95.178268,103.758263,102.151245,90.760061,97.11211,95.689895,99.130166,99.211293,91.665288,99.629547,97.799876,97.514719,97.370758,100.814745,103.396105,99.896615,98.372573,94.517266,98.779207,97.05898,102.5247,102.369654,100.902224,93.183802,97.328117,100.040026,103.714614,99.819821,99.376409,98.925,97.761329,96.550994,97.917336,93.294427,88.232957,105.377424,100.694869,104.272991,103.113402,106.316164,95.613455,110.957615,105.730544,111.687794,108.368599,111.141358,108.808389,111.55639,113.576078,116.195892,98.162194,104.527473,101.392,103.791799,89.869809,104.081129,102.561999,103.585181,99.444593,104.366355,96.394226,107.322939,99.108742,99.705696,98.139141,99.825404,99.123068,99.536236,98.181342,101.00436,99.671647,94.624575,104.212826,100.718226,94.545078,97.571746,101.511563,100.333923,91.804385,97.433797,109.328851,103.294411,107.182441,112.073707,109.213181,111.53992,110.469485,110.313546,109.716739,114.856277,100.178449,106.962171,95.7067,98.089774
1,103.007103,107.368938,91.199772,95.477293,99.244893,104.247036,111.380324,98.312465,92.574161,91.75451,97.754945,95.121156,97.249048,102.128794,95.109761,106.302047,98.74437,98.728172,96.596871,99.48482,102.983902,98.534301,92.650528,99.460171,103.698268,98.234446,99.770736,94.864794,94.875232,92.278043,94.268562,98.472562,101.427849,104.605574,100.170834,98.444159,103.632999,100.562869,98.94939,103.771212,97.608319,101.511805,95.927237,100.077247,101.826656,111.420427,109.400225,92.494768,92.872144,92.473584,98.817694,97.836235,104.386066,103.205883,89.527487,100.140191,101.66358,108.746573,97.284999,98.089481,94.953258,99.526194,93.850505,100.149164,104.876779,99.997335,98.257847,97.923287,93.547924,90.596099,89.02885,94.403764,89.739919,94.859406,99.0012,93.749801,97.069157,97.887955,96.16248,96.721179,104.655371,100.877592,95.907861,102.189704,99.848184,104.966807,106.219054,93.785332,96.498882,90.736243,98.656571,97.231487,97.312118,103.116413,89.90445,98.312483,104.422063,102.754853,99.583964,101.264477,94.951149,102.217619,92.947884,100.89937,100.35882,108.766215,100.487252,96.117089,91.216958,89.300615,94.268531,97.896932,101.499398,108.789135,101.555682,102.794806,107.736987,97.958655,97.587311,105.351964,110.108849,94.217694,93.614993,106.603912,99.43398,106.332268,93.5482,101.432902,95.439456,93.856884,93.24351,98.145295,98.410677,103.971035,93.592792,98.835354,99.882752,100.843588,102.485562,104.004179,100.472157,100.737132,101.866571,99.793415,88.405192,99.608352,99.445062,102.278596,97.522865,97.740857,100.121341,94.391934,87.791333,96.245623,93.461406,98.437902,99.486899,99.303711,100.619823,93.777925,98.780314,100.729283,98.559223,98.909463,108.593171,98.168923,102.978012,100.528162,103.035543,102.013473,90.418729,89.875298,95.659836,91.718527,100.958451,99.628726,101.051487,96.265423,88.252792,90.996052,97.934861,99.150243,101.218564,98.780595,96.016997,89.58542,100.481113,99.591939,96.336177,101.394373,93.592542,97.384902,93.708343,90.121798,96.698512,99.961474,98.13122,101.062599,93.408695,95.266663
1,92.32573,100.970129,102.171549,100.279736,97.33955,98.385418,100.811199,92.679423,101.272323,95.720416,96.0684,102.197407,100.289089,102.862561,103.128691,95.812016,94.42074,98.034523,93.273292,98.486272,94.507748,104.608035,105.930464,101.166073,108.771438,95.057797,92.083283,98.411057,92.848502,92.832138,98.267393,100.312932,102.993232,100.156596,98.191194,96.277227,97.302338,97.977463,94.571631,98.315802,89.449197,97.445063,97.356054,100.423443,102.18371,97.76082,101.723997,93.380403,102.747193,95.724163,99.825985,108.224887,102.245288,108.6189,101.2095,98.868054,90.828346,98.219998,91.715515,98.550012,92.294613,106.409388,99.159269,107.524259,99.434152,96.584414,98.171061,95.579335,96.133046,94.894269,105.624173,98.905776,100.934521,98.112759,99.245211,96.250359,97.388723,99.515915,90.024196,97.484712,94.131305,103.179925,100.824672,100.202779,96.134616,106.338492,99.1029,98.081062,107.305089,86.672054,95.961691,100.287114,99.957392,108.725524,107.708232,94.532202,89.7464,103.580135,92.182316,105.256596,92.245556,100.971459,98.120386,102.086474,99.985358,98.647513,107.450213,99.110604,97.03243,90.470053,98.305161,106.960591,108.25724,101.609392,97.259177,98.871803,93.623057,101.34746,92.763947,99.567025,91.702621,105.607617,109.20866,101.569598,97.279169,97.491664,97.528188,97.895189,117.18878,87.682376,103.023793,100.035835,96.99777,104.473381,98.731704,92.766652,95.253652,96.743361,97.543497,99.360506,102.251692,102.322443,99.506319,102.34055,103.622651,95.53818,102.878347,98.722981,100.544405,102.575164,98.739003,106.14021,93.940208,93.326193,95.93329,87.76636,98.635741,97.392948,99.965824,99.678295,101.973003,98.908167,99.485911,99.834618,101.564222,100.109812,97.568269,97.717449,100.578235,103.457799,102.174238,100.871929,92.089412,95.624197,98.351114,91.980062,98.6275,96.191632,98.18766,98.642146,106.30846,100.4381,99.610234,101.86699,98.366457,95.54535,98.131384,98.250015,108.323132,101.258734,102.360829,101.226669,93.953529,93.48069,102.505252,88.230839,93.818433,99.599881,93.936181,106.259893
1,90.096351,110.411908,98.956182,99.842008,108.291147,98.875041,99.051053,99.41408,95.157741,93.018729,104.343021,110.405865,90.200159,103.026628,99.493915,98.721297,100.524135,103.856873,102.601979,102.939525,90.124848,102.094114,99.707464,103.552787,105.883721,99.428258,104.809942,109.369712,100.28355,100.288355,106.208599,96.466571,94.253432,97.410785,93.551155,96.899434,106.837176,96.628556,104.86838,100.773945,90.423726,103.316657,102.112321,99.770133,104.871011,99.428446,103.543426,100.648457,104.1483,106.739104,108.233967,109.190419,97.75048,99.811713,92.502312,89.737027,98.923239,98.154529,102.527351,102.330203,91.258674,100.937557,107.210908,99.895878,105.779791,99.237716,100.771189,107.0006,101.092764,101.642971,106.613399,102.43994,93.015662,108.125169,93.819482,87.337041,98.585742,101.571689,101.497213,107.184599,89.999231,102.089847,97.075846,102.430659,101.355526,98.22358,103.91246,101.385659,100.618741,93.228899,97.879757,106.361692,96.931088,101.391876,92.483935,96.680981,94.38172,105.861776,101.796585,103.968739,91.199954,109.259227,99.824721,109.664979,109.593722,106.267435,100.876586,95.054283,99.998221,92.812317,99.963256,103.09556,99.148525,101.793242,92.205521,95.270971,105.703797,98.185013,97.794018,113.414681,93.176779,107.619735,104.008534,103.201742,101.659235,102.637741,98.19525,98.309923,104.437088,101.754014,119.869869,97.551788,93.898423,93.003074,93.822286,92.237115,115.696527,98.319102,98.373898,96.457758,89.229994,95.502262,99.13622,96.119178,100.384283,100.782483,91.445455,103.082473,96.08408,91.146085,101.788783,88.891874,101.939786,102.779125,96.079211,100.245825,103.682648,100.020677,89.774141,97.707532,102.311137,103.463692,96.443067,99.750305,98.722968,105.770813,97.065531,89.100793,95.629594,100.986542,100.522159,98.564181,98.172094,90.904684,103.285017,100.313049,100.365076,101.624388,99.683919,102.424783,95.364867,100.823101,97.653753,99.569687,98.703712,98.814871,95.073687,96.82328,97.899632,98.171763,101.641741,102.455501,103.543612,90.905197,107.065774,97.676454,107.665166,93.836757,109.585538,100.141271
1,94.434665,100.455021,95.558859,102.48123,107.059574,99.046856,103.197252,101.147684,96.83722,99.415309,103.206755,93.842411,95.013072,102.304293,102.620897,101.423331,98.877408,93.111683,97.510615,97.906851,94.433963,100.455144,98.263646,103.431725,106.973396,100.55486,107.808381,102.640417,100.487586,101.450988,99.951666,95.079635,92.044829,102.978128,101.721549,98.346418,103.204768,90.184877,90.80185,98.18566,98.896207,106.401603,102.789602,102.882951,98.802406,97.734381,105.671125,111.256162,94.836001,99.558403,106.670907,96.925356,102.904108,113.457754,97.919314,100.799008,95.954197,97.573857,88.762412,90.127031,98.453167,105.950059,100.585685,99.759598,99.864179,99.501517,104.369516,112.78986,96.419853,99.285618,108.248826,95.966293,98.075252,103.600057,95.529149,101.172403,96.443856,102.943154,97.090299,93.420181,98.441849,97.05369,94.938008,112.156659,101.096085,97.848901,106.948603,104.041803,102.50768,99.263194,102.132688,89.551106,91.434801,98.813794,111.148305,104.165414,102.846605,101.210415,97.782549,95.817591,98.45511,97.182003,101.758177,107.355128,112.870956,97.586186,108.87575,101.113494,106.189709,95.796465,98.051098,95.961958,98.072021,99.95926,100.346826,108.337382,98.881567,99.79092,93.766123,94.070563,98.822007,100.292665,96.96259,99.897968,103.4343,103.019828,109.489659,103.981824,98.514091,113.222001,97.731829,98.785575,101.098046,105.074379,100.658744,96.291657,100.294551,107.165629,92.425193,90.207829,97.640504,100.015873,106.461691,95.800887,99.067847,97.4376,98.316748,97.010006,100.093497,100.084831,102.091511,97.2837,95.296948,95.06407,92.85018,100.844314,95.781478,100.116797,98.905974,86.843996,96.407226,99.441589,101.594497,97.909588,100.384515,96.552687,101.639145,100.948769,103.416776,97.419379,100.017449,105.765373,99.399074,104.227954,94.646689,103.319818,103.95396,102.005282,108.361615,96.223076,98.563039,102.468419,104.311956,97.253451,94.391682,95.439269,100.610346,96.615639,100.213297,96.672467,104.048972,92.059601,97.636745,94.666524,102.06084,105.466121,103.644119,99.557107,101.424232,96.194136
1,105.930845,104.695609,105.428563,104.267513,107.595898,105.180518,98.311644,110.517985,104.249143,101.035042,97.430513,105.531423,100.122774,104.611427,109.534059,106.52675,112.646086,106.900275,98.173123,99.969865,122.187634,103.763971,103.165179,106.890048,105.266316,97.991587,92.664351,120.831103,104.781617,103.986383,106.450983,102.065887,91.739721,103.23729,100.994268,108.298595,106.463035,110.004823,97.667901,100.393108,98.823006,101.711529,97.926016,95.486634,96.291461,107.498358,107.120013,103.105961,93.751396,95.930515,101.522571,95.690595,96.616709,97.238828,91.273591,103.038112,107.628222,105.186564,100.311012,108.069372,111.547339,108.675317,100.064328,115.169317,105.454751,104.455194,93.116212,105.143091,110.845167,109.110883,104.869475,111.102993,97.768249,107.485104,104.02477,106.023309,107.612031,100.262568,102.791543,103.94691,124.882509,101.063628,103.166901,106.89382,115.740757,104.978897,96.850904,107.313641,106.511012,96.781757,104.759097,106.557009,105.111759,104.806384,100.128378,106.07603,111.464207,100.256203,102.765925,98.392754,105.359516,104.696459,105.567862,103.827078,99.033513,111.358082,101.009765,116.852066,99.209721,103.08105,98.703053,109.27422,102.312369,101.623516,111.459997,110.557817,106.903801,103.274235,106.598205,101.982718,111.54084,104.499448,102.6536,108.597404,91.873968,106.940979,105.405394,111.512599,111.612571,102.278778,92.834691,108.907114,103.164602,100.768355,103.378714,105.171864,105.53132,108.017042,100.548316,103.118278,101.25806,105.678753,105.120501,104.636868,104.133203,104.055289,101.531165,97.355098,113.645294,106.039432,98.086471,99.59931,98.860529,106.797536,104.742182,108.86825,114.871018,100.426816,103.583106,99.761231,101.838859,96.333669,100.303318,99.670005,110.618504,95.050903,98.236381,107.612951,103.709596,103.778297,100.758866,97.257129,103.100514,95.064608,105.026445,98.050199,108.121098,94.118743,106.068012,107.114386,108.572794,107.104466,107.161956,104.098937,103.86921,101.710755,101.716735,109.280423,106.032436,100.043676,97.825187,100.383568,105.023238,104.88078,106.007977,103.411842,99.756432,100.964725,84.060634,95.526155
1,118.008327,115.395762,112.369188,109.248078,101.423468,96.972827,98.352655,118.520398,106.581957,112.781908,104.425558,103.336571,105.007774,105.19435,118.38067,120.669376,110.137236,110.434844,107.527356,110.725919,130.4212,102.594977,120.525238,117.421509,117.668424,108.256235,111.646882,107.169506,109.346674,117.510968,114.094409,112.939239,110.211342,108.41468,126.374344,107.335098,104.668142,105.025685,109.075296,116.915525,123.30328,110.102215,127.504974,117.83595,112.278917,104.409951,112.694126,101.489973,114.963683,118.287227,113.397601,115.357416,132.047404,123.747994,130.176241,116.047905,108.527696,110.210345,109.074319,118.044448,104.575438,104.073912,101.481997,100.863289,118.292071,98.675061,98.923219,103.946887,95.635962,103.638615,112.289216,114.04336,116.945391,111.127518,111.668115,122.033092,110.880296,107.932841,112.460732,117.040377,147.020379,104.758128,99.071127,119.380657,110.367326,114.372222,103.224401,93.021668,102.796102,111.925252,96.776532,103.525138,104.863535,96.948856,121.939904,112.150853,102.424712,102.263492,108.209511,106.603787,114.42151,118.450651,123.483609,126.211552,116.816993,110.783597,98.541141,107.052646,100.801654,126.407436,117.767475,111.336391,107.821739,108.412484,124.371402,108.073875,116.372559,112.525597,111.886928,95.933806,114.565387,110.381912,109.907104,106.862678,102.4906,106.531347,101.365853,118.5873,106.598982,112.777321,106.403504,91.861937,107.476715,110.152877,128.446843,123.42141,101.677866,109.544596,106.078568,125.024506,106.988026,114.396788,119.44435,110.177911,96.075796,118.313319,118.316589,102.173731,107.95025,110.346319,115.251811,96.577713,113.604628,101.150979,108.069125,112.614815,122.141739,101.262808,108.172858,101.647082,104.898052,118.394778,112.495555,107.413553,101.498819,110.958058,119.172231,121.300142,98.023174,110.651482,120.810493,99.734175,117.065593,110.168403,110.625204,113.802578,111.529079,93.413832,93.874895,106.843979,105.534405,112.330431,103.010075,111.718335,117.312361,95.967195,111.11177,106.866279,105.076714,95.710266,98.330314,102.688133,102.671145,104.972233,110.078574,108.425966,109.208631,111.869406,110.41726,101.740413
1,120.341279,110.861098,119.650465,114.045495,115.238231,119.990116,108.515473,117.579803,106.324785,117.301501,121.705993,126.41669,112.869816,125.391152,122.090947,123.802016,123.968827,126.65945,120.158353,113.955951,112.986327,107.756545,120.777313,122.864683,115.213591,123.957251,117.41678,108.36932,111.593596,108.500914,121.658799,111.285292,108.000616,104.787895,112.654535,112.262594,125.501157,125.29003,101.673852,115.402613,103.382974,117.990152,120.774674,135.590237,117.481712,120.137777,114.037044,119.648261,111.755196,97.891385,122.388508,116.20959,114.97338,124.279549,111.489294,128.096472,122.684562,112.920938,116.438611,115.120562,103.488986,109.205274,107.686405,101.285873,117.154277,100.458369,111.082204,101.227357,99.252044,121.436701,112.430121,115.343615,114.372952,115.738194,112.620359,115.891481,131.02794,116.612827,124.316013,126.951766,119.011728,112.254438,125.791206,116.8662,113.410667,119.778826,123.413508,120.233946,118.968873,114.897155,119.423083,110.3068,115.71606,109.863058,124.085648,126.853802,119.539377,125.137058,120.350101,111.544144,113.343787,110.467643,125.622356,128.251108,117.493208,120.187251,113.290735,120.326063,119.911803,114.30816,120.893473,132.776325,110.636835,111.658456,111.093701,120.689261,123.77788,120.882168,117.621569,107.703461,131.399637,102.810297,122.428244,122.451342,115.720849,120.134535,127.280587,106.317671,119.904852,114.309906,116.785141,120.873794,116.598158,116.829278,115.908868,120.784509,123.780256,118.260926,141.318415,120.517647,117.529128,118.749024,113.697122,116.37734,110.947053,107.896758,113.467184,112.593867,119.424731,111.222629,111.443017,108.213152,108.451306,116.589171,114.236453,102.884351,113.630291,109.477247,113.346812,111.78492,118.322175,115.623854,113.1605,109.905295,120.142254,101.159102,105.789998,103.566687,114.428215,109.520148,127.563054,109.88199,105.985003,115.682018,108.015013,110.33168,108.760528,105.202576,117.044968,120.336691,118.405533,109.746062,111.039626,114.193203,111.410279,91.524452,108.727251,118.46595,123.822096,113.711539,117.989618,116.917224,105.736196,112.188914,105.946839,103.826533,103.886266,111.08025,121.278602,112.562888
1,103.630458,117.77929,122.845233,126.919969,106.678291,123.157627,118.284251,106.448067,129.885383,105.367384,126.455734,131.394061,120.860894,120.071653,126.125142,124.56674,123.56883,124.242589,124.239866,112.588062,148.699619,129.89052,122.174294,106.326387,132.485877,124.053618,125.696494,131.866845,127.614963,129.682009,132.521448,126.025382,115.923447,107.456625,115.540622,127.003175,128.924692,129.959397,126.609922,118.156644,139.362985,129.564247,117.015796,121.15952,119.608731,132.148235,125.77914,131.923391,125.045053,130.929786,127.419232,114.444096,113.586508,127.023339,120.874715,126.966017,125.621654,133.291932,126.608869,118.157452,154.280724,121.773881,122.175445,106.326915,119.60872,132.148268,125.775532,131.91986,125.043175,117.194171,106.11343,119.083138,111.479209,116.879407,102.099076,128.510001,125.30228,122.302698,100.974615,130.345199,138.903634,130.020424,117.013563,121.163751,131.229315,125.311767,125.691207,131.81586,120.500762,136.815316,125.858543,132.669431,115.970838,131.972374,125.178645,123.957213,129.470129,128.013809,123.336263,122.199165,136.142848,113.725899,125.231675,109.89813,120.786881,123.755761,124.822785,122.799993,120.822046,125.254263,119.00506,127.794281,100.479208,114.526742,106.111658,122.110713,128.528496,125.27748,124.240382,123.274482,128.019235,122.759141,135.118509,116.320897,124.458407,136.931751,126.665295,133.093197,129.645723,129.256179,128.902389,125.910369,123.063055,126.095827,124.531909,123.339101,133.303727,133.404215,121.220045,115.091271,132.643216,94.739246,123.694977,125.930346,111.064762,124.248093,112.937814,136.942945,124.959226,121.173744,125.488484,111.791197,115.410739,127.189234,114.470072,111.488115,118.701227,131.054318,98.631851,131.710526,116.832847,108.227725,112.248004,121.535106,123.372782,110.502808,133.299452,120.063158,121.499553,119.690147,139.177896,126.817373,119.95688,130.886592,110.251825,119.553696,125.122323,123.03766,117.984377,110.149136,127.935309,127.938948,129.704082,107.277705,123.313575,108.584662,106.825079,130.070985,102.008707,118.012364,137.700067,126.814312,119.95887,123.892756,117.185942,118.82942,125.845019,124.30956,124.51372,104.85562
1,141.904788,135.297244,138.079401,143.00644,143.991632,145.204863,142.905168,133.241585,122.560698,131.912599,150.150705,129.782178,121.997875,127.288468,131.195739,139.637987,143.120596,146.903847,140.776761,165.371809,138.973032,164.430254,125.481156,134.961691,138.934916,157.313735,131.016083,133.343393,122.254588,131.04842,138.042538,119.28202,125.766989,146.313277,130.783809,139.332603,134.015047,120.821364,116.819486,133.783686,155.110544,129.762775,131.982081,141.980491,143.702546,141.000833,139.64539,136.69253,124.792077,127.937978,124.288078,127.883059,135.30711,142.761749,134.720255,139.335816,143.491443,142.346932,146.63547,144.198618,138.971094,146.036899,143.872478,130.154513,143.643484,141.005339,134.734047,116.3297,128.438079,140.092715,133.789756,127.874046,135.774957,142.370406,134.714018,119.639618,137.706832,136.821462,111.477022,105.746526,135.579581,141.731682,148.22277,147.126897,129.775696,145.177752,133.4642,138.35442,124.792247,133.936916,136.910165,119.277976,143.267846,129.834804,131.206049,139.637993,143.120625,147.329516,140.432005,144.350297,135.801205,138.890739,151.251824,126.202882,124.916808,117.802022,124.898804,139.518618,130.105559,121.382212,132.11755,140.157647,125.501809,133.378576,129.259017,144.680701,107.699058,103.841187,140.950115,153.176763,142.393184,132.291258,151.224068,147.170304,136.187088,134.277309,117.119205,119.233519,136.538968,130.584272,138.375627,139.385148,149.098866,130.240931,133.519111,139.332223,143.515904,142.319309,146.633422,144.151037,129.304882,138.120192,123.67458,127.747398,138.030359,124.346165,130.58615,108.40956,118.336589,135.08513,124.414361,125.30129,102.627558,126.040437,142.85541,112.131103,130.401436,115.715385,114.19056,126.69255,125.204197,138.497941,121.205383,106.359783,138.476867,144.801054,135.64833,136.098507,118.723837,127.394489,121.996269,95.800175,130.530271,124.986489,138.537841,124.953064,137.47539,110.52142,132.427339,125.021037,133.203063,128.727656,125.335174,102.637999,121.982027,133.411125,123.956332,136.191258,131.381176,134.400293,129.655793,131.835002,129.955921,108.990013,119.945223,139.939731,127.053053,117.182845,121.259038,120.810963
1,161.095689,156.976259,158.940378,150.789461,162.634839,156.927894,151.201998,151.736186,167.194632,146.744671,142.757439,160.539155,160.068629,145.884665,148.447147,153.656739,160.657866,159.991983,167.72313,175.960061,161.3486,156.941641,149.030723,155.173064,151.059539,108.29283,143.396092,156.516455,157.88834,142.970052,153.36206,149.964973,134.981734,147.698846,162.863044,160.216048,147.102371,145.529177,147.877291,132.742838,161.665377,169.647041,157.11837,156.91076,144.78684,163.916088,146.593133,161.555286,154.013164,147.541991,145.405241,157.923259,135.972769,152.807905,157.555596,157.609965,164.661372,160.038524,167.723735,144.02924,141.74551,108.102523,144.289433,165.858507,161.032847,151.565321,152.54524,156.512841,148.725906,141.922394,148.422597,156.631762,143.469333,147.694345,162.866447,159.234524,148.063308,117.783928,148.86582,148.852887,161.246453,156.971666,149.043719,155.175185,166.103656,149.48645,160.675808,151.740606,157.471152,154.617244,133.173752,137.099789,162.277837,157.618808,161.228632,157.446653,159.635655,138.793006,146.234473,148.72133,164.882932,152.72337,170.834103,148.296743,151.136614,149.48429,162.715764,149.705923,150.064215,162.032163,144.592279,160.539098,160.08014,145.876996,143.672552,158.433066,160.607334,160.042087,168.526556,155.93843,161.069898,170.68496,152.581474,143.453212,162.596127,156.838904,151.31236,151.738231,150.047909,162.032408,133.180408,133.839,163.40927,159.75254,161.225645,161.69129,160.56905,160.054489,156.001659,153.127,148.618201,122.543048,131.955083,129.556264,144.674558,128.818741,152.5617,155.780946,159.375334,143.827396,144.958475,136.584723,126.022589,125.575131,138.745112,153.55948,143.969348,127.111981,145.668222,142.368698,159.596977,124.572764,108.226452,137.825753,143.691455,138.580152,143.310119,141.520697,135.80649,146.752764,143.510146,135.23312,131.804729,107.024637,129.496361,145.208868,143.064478,134.198249,126.874851,135.27095,132.459986,133.128013,143.924534,123.826017,150.959313,152.558561,156.280908,166.447318,136.316662,126.410456,125.286528,141.20217,140.1302,138.743308,153.488131,122.49423,134.343353,160.02744,142.166134,126.182728
